locality,region,locality_square,locality_population_density,Dân số năm 2024/2025 (người)
xã an khánh,hà nội,"28,69",3.560,
xã an long,hồ chí minh,"100,05",179,
xã an nhơn tây,hồ chí minh,"77,69",526,
xã an thới đông,hồ chí minh,"257,84",71,
xã bà điểm,hồ chí minh,"27,36",7.026,
xã ba vì,hà nội,"81,27",328,
xã bát tràng,hà nội,"20,67",2.370,
xã bàu bàng,hồ chí minh,"84,09",502,
xã bàu lâm,hồ chí minh,"123,83",182,
xã bắc tân uyên,hồ chí minh,"143,69",195,
xã bất bạt,hà nội,"56,43",710,
xã bình chánh,hồ chí minh,"21,33",3.572,
xã bình châu,hồ chí minh,"87,06",299,
xã bình giã,hồ chí minh,"66,96",512,
xã bình hưng,hồ chí minh,"32,40",5.665,
xã bình khánh,hồ chí minh,"158,28",198,
xã bình lợi,hồ chí minh,"54,17",871,
xã bình minh,hà nội,"29,86",2.681,
xã bình mỹ,hồ chí minh,"54,43",1.831,
xã cần giờ,hồ chí minh,"157,01",140,
xã châu đức,hồ chí minh,"84,66",334,
xã châu pha,hồ chí minh,"65,64",388,
xã chuyên mỹ,hà nội,"35,54",1.262,
xã chương dương,hà nội,"28,89",2.076,
xã cổ đô,hà nội,"53,26",1.328,
xã củ chi,hồ chí minh,"64,87",1.983,
xã dân hòa,hà nội,"38,44",1.633,
xã dầu tiếng,hồ chí minh,"182,69",214,
xã dương hòa,hà nội,"17,41",3.379,
xã đa phúc,hà nội,"55,32",1.512,
xã đại thanh,hà nội,"18,92",4.892,
xã đại xuyên,hà nội,"51,66",1.450,
xã đan phượng,hà nội,"15,30",3.113,
xã đất đỏ,hồ chí minh,"119,77",366,
xã đoài phương,hà nội,"57,10",698,
xã đông anh,hà nội,"48,68",2.428,
xã đông thạnh,hồ chí minh,"30,17",6.223,
xã gia lâm,hà nội,"25,72",3.519,
xã hạ bằng,hà nội,"32,14",1.205,
xã hát môn,hà nội,"37,67",1.917,
xã hiệp phước,hồ chí minh,"63,33",1.166,
xã hòa hiệp,hồ chí minh,"99,28",262,
xã hòa hội,hồ chí minh,"136,27",265,
xã hòa lạc,hà nội,"35,37",588,
xã hòa phú,hà nội,"29,88",1.672,
xã hòa xá,hà nội,"40,42",1.718,
xã hoài đức,hà nội,"16,73",4.139,
xã hóc môn,hồ chí minh,"16,43",5.395,
xã hồ tràm,hồ chí minh,"94,51",549,
xã hồng sơn,hà nội,"54,39",1.161,
xã hồng vân,hà nội,"24,53",2.392,
xã hưng đạo,hà nội,"24,90",1.982,
xã hưng long,hồ chí minh,"35,54",2.012,
xã hương sơn,hà nội,"69,11",762,
xã kiều phú,hà nội,"34,54",1.763,
xã kim anh,hà nội,"52,80",920,
xã kim long,hồ chí minh,"63,92",522,
xã liên minh,hà nội,"23,57",2.027,
xã long điền,hồ chí minh,"51,44",934,
xã long hải,hồ chí minh,"27,93",3.908,
xã long hòa,hồ chí minh,"166,76",151,
xã long sơn,hồ chí minh,"56,50",314,
xã mê linh,hà nội,"24,07",2.871,
xã minh châu,hà nội,"10,35",642,
xã minh thạnh,hồ chí minh,"159,06",152,
xã mỹ đức,hà nội,"52,73",1.017,
xã nam phù,hà nội,"13,74",3.113,
xã ngãi giao,hồ chí minh,"69,30",708,
xã nghĩa thành,hồ chí minh,"65,67",424,
xã ngọc hồi,hà nội,"13,34",3.288,
xã nhà bè,hồ chí minh,"37,10",4.219,
xã nhuận đức,hồ chí minh,"62,05",648,
xã nội bài,hà nội,"51,64",1.365,
xã ô diên,hà nội,"32,06",3.041,
xã phú cát,hà nội,"51,21",846,
xã phù đổng,hà nội,"41,62",2.679,
xã phú giáo,hồ chí minh,"192,83",222,
xã phú hòa đông,hồ chí minh,"59,75",1.636,
xã phú nghĩa,hà nội,"40,24",1.766,
xã phú xuyên,hà nội,"60,02",1.610,
xã phúc lộc,hà nội,"41,15",1.493,
xã phúc sơn,hà nội,"49,31",1.097,
xã phúc thịnh,hà nội,"42,63",2.251,
xã phúc thọ,hà nội,"39,66",1.902,
xã phước hải,hồ chí minh,"70,44",619,
xã phước hòa,hồ chí minh,"128,07",332,
xã phước thành,hồ chí minh,"123,49",128,
xã phượng dực,hà nội,"44,69",1.349,
xã quảng bị,hà nội,"37,14",1.695,
xã quang minh,hà nội,"32,17",2.164,
xã quảng oai,hà nội,"49,26",1.198,
xã quốc oai,hà nội,"24,00",2.639,
xã sóc sơn,hà nội,"68,24",1.727,
xã sơn đồng,hà nội,"21,57",2.933,
xã suối hai,hà nội,"52,55",670,
xã tam hưng,hà nội,"29,45",1.327,
xã tân an hội,hồ chí minh,"53,50",1.576,
xã tân nhựt,hồ chí minh,"43,48",2.661,
xã tân vĩnh lộc,hồ chí minh,"34,02",4.829,
xã tây phương,hà nội,"31,06",3.216,
xã thạch thất,hà nội,"31,93",1.805,
xã thái mỹ,hồ chí minh,"62,44",799,
xã thanh an,hồ chí minh,"136,72",185,
xã thạnh an,hồ chí minh,"131,31",32,
xã thanh oai,hà nội,"26,86",2.028,
xã thanh trì,hà nội,"10,15",5.456,
xã thiên lộc,hà nội,"27,96",2.668,
xã thuận an,hà nội,"29,67",2.302,
xã thư lâm,hà nội,"43,84",2.340,
xã thượng phúc,hà nội,"28,91",1.573,
xã thường tân,hồ chí minh,"127,76",166,
xã thường tín,hà nội,"28,29",2.500,
xã tiến thắng,hà nội,"36,34",1.768,
xã trần phú,hà nội,"44,36",1.071,
xã trung giã,hà nội,"77,52",791,
xã trừ văn thố,hồ chí minh,"76,56",320,
xã ứng hòa,hà nội,"67,81",940,
xã ứng thiên,hà nội,"38,41",1.405,
xã vân đình,hà nội,"41,60",1.462,
xã vật lại,hà nội,"51,76",1.132,
xã vĩnh lộc,hồ chí minh,"30,58",5.462,
xã vĩnh thanh,hà nội,"22,52",2.873,
xã xuân mai,hà nội,"50,72",1.327,
xã xuân sơn,hồ chí minh,"73,81",371,
xã xuân thới sơn,hồ chí minh,"35,21",2.744,
xã xuyên mộc,hồ chí minh,"102,96",261,
xã yên bài,hà nội,"68,19",314,
xã yên lãng,hà nội,"44,81",1.592,
xã yên xuân,hà nội,"78,01",377,
phường an đông,hồ chí minh,"1,32",61.537,81.229
phường an hội đông,hồ chí minh,"3,29",34.553,113.681
phường an hội tây,hồ chí minh,"3,81",31.760,121.004
phường an khánh,hồ chí minh,"15,33",5.021,76.967
phường an lạc,hồ chí minh,"10,47",16.441,172.134
phường an nhơn,hồ chí minh,"3,23",34.520,111.498
phường an phú,hồ chí minh,"16,85",9.669,162.930
phường an phú đông,hồ chí minh,"14,59",12.277,179.115
phường ba đình,hà nội,"2,97",21.893,65.023
phường bà rịa,hồ chí minh,"15,55",3.361,52.265
phường bạch mai,hà nội,"2,95",43.922,129.571
phường bàn cờ,hồ chí minh,"0,99",68.299,67.616
phường bảy hiền,hồ chí minh,"2,86",46.242,132.252
phường bến cát,hồ chí minh,"100,89",971,97.928
phường bến thành,hồ chí minh,"1,85",38.809,71.875
phường bình cơ,hồ chí minh,"73,69",877,64.601
phường bình dương,hồ chí minh,"58,16",1.850,107.576
phường bình đông,hồ chí minh,"8,93",17.419,155.555
phường bình hòa,hồ chí minh,"18,49",6.492,120.035
phường bình hưng hòa,hồ chí minh,"8,47",22.190,187.950
phường bình lợi trung,hồ chí minh,"3,89",29.851,116.121
phường bình phú,hồ chí minh,"2,85",26.640,75.925
phường bình quới,hồ chí minh,"6,34",7.287,46.200
phường bình tân,hồ chí minh,"11,25",14.387,161.851
phường bình tây,hồ chí minh,"1,05",60.279,63.293
phường bình thạnh,hồ chí minh,"3,32",38.042,126.300
phường bình thới,hồ chí minh,"1,52",44.393,76.478
phường bình tiên,hồ chí minh,"1,61",56.845,91.520
phường bình trị đông,hồ chí minh,"7,15",23.097,165.142
phường bình trưng,hồ chí minh,"14,82",8.190,121.382
phường bồ đề,hà nội,"12,94",9.276,120.028
phường cát lái,hồ chí minh,"19,65",3.494,68.654
phường cầu giấy,hà nội,"3,74",19.924,74.516
phường cầu kiệu,hồ chí minh,"1,23",50.946,62.663
phường cầu ông lãnh,hồ chí minh,"1,60",49.209,78.734
phường chánh hiệp,hồ chí minh,"19,66",2.868,56.387
phường chánh hưng,hồ chí minh,"4,61",41.368,190.707
phường chánh phú hòa,hồ chí minh,"69,54",775,53.916
phường chợ lớn,hồ chí minh,"1,67",50.938,85.066
phường chợ quán,hồ chí minh,"1,28",49.645,63.545
phường chương mỹ,hà nội,"38,92",2.259,87.913
phường cửa nam,hà nội,"1,68",31.399,52.751
phường dĩ an,hồ chí minh,"21,36",10.666,227.817
phường diên hồng,hồ chí minh,"1,86",40.663,75.633
phường dương nội,hà nội,"7,90",7.100,56.091
phường đại mỗ,hà nội,"8,10",9.934,80.462
phường định công,hà nội,"5,34",16.012,85.502
phường đống đa,hà nội,"2,07",39.303,81.358
phường đông hòa,hồ chí minh,"21,89",6.033,132.056
phường đông hưng thuận,hồ chí minh,"8,26",22.142,182.895
phường đông ngạc,hà nội,"8,85",9.440,83.544
phường đức nhuận,hồ chí minh,"2,17",32.947,71.495
phường gia định,hồ chí minh,"2,76",45.633,125.946
phường giảng võ,hà nội,"2,60",37.321,97.034
phường gò vấp,hồ chí minh,"2,81",39.448,110.850
phường hà đông,hà nội,"9,00",20.578,185.205
phường hai bà trưng,hà nội,"2,65",33.132,87.801
phường hạnh thông,hồ chí minh,"3,37",38.239,128.865
phường hiệp bình,hồ chí minh,"16,01",13.469,215.638
phường hòa bình,hồ chí minh,"0,98",70.733,69.318
phường hòa hưng,hồ chí minh,"2,59",37.225,96.414
phường hòa lợi,hồ chí minh,"33,59",2.373,79.694
phường hoàn kiếm,hà nội,"1,91",55.131,105.301
phường hoàng liệt,hà nội,"4,04",13.817,55.820
phường hoàng mai,hà nội,"9,04",10.896,98.502
phường hồng hà,hà nội,"15,09",8.170,123.282
phường khánh hội,hồ chí minh,"1,07",88.324,94.507
phường khương đình,hà nội,"3,10",27.834,86.286
phường kiến hưng,hà nội,"6,65",10.652,70.833
phường kim liên,hà nội,"2,45",44.533,109.107
phường lái thiêu,hồ chí minh,"15,46",7.688,118.852
phường láng,hà nội,"1,88",32.519,61.135
phường lĩnh nam,hà nội,"10,86",1.907,20.706
phường linh xuân,hồ chí minh,"12,29",12.883,158.334
phường long biên,hà nội,"19,04",3.303,62.887
phường long bình,hồ chí minh,"29,43",4.065,119.637
phường long hương,hồ chí minh,"41,22",763,31.457
phường long nguyên,hồ chí minh,"108,00",494,53.387
phường long phước,hồ chí minh,"34,29",1.548,53.092
phường long trường,hồ chí minh,"24,49",3.008,73.669
phường minh phụng,hồ chí minh,"1,27",71.502,90.808
phường nghĩa đô,hà nội,"4,34",28.933,125.568
phường ngọc hà,hà nội,"2,67",35.032,93.536
phường nhiêu lộc,hồ chí minh,"1,71",51.515,88.090
phường ô chợ dừa,hà nội,"1,89",37.721,71.293
phường phú an,hồ chí minh,"35,19",1.334,46.931
phường phú diễn,hà nội,"6,29",11.861,74.603
phường phú định,hồ chí minh,"5,85",25.708,150.389
phường phú lâm,hồ chí minh,"2,00",43.757,87.513
phường phú lợi,hồ chí minh,"17,96",5.998,107.721
phường phú lương,hà nội,"9,40",5.534,52.024
phường phú mỹ,hồ chí minh,"70,92",1.109,78.641
phường phú nhuận,hồ chí minh,"1,46",46.863,68.420
phường phú thạnh,hồ chí minh,"2,99",34.709,103.780
phường phú thọ,hồ chí minh,"1,37",47.715,65.369
phường phú thọ hòa,hồ chí minh,"3,02",46.502,140.436
phường phú thuận,hồ chí minh,"10,55",7.971,84.089
phường phú thượng,hà nội,"7,20",5.461,39.322
phường phúc lợi,hà nội,"10,41",6.416,66.790
phường phước long,hồ chí minh,"9,23",14.879,137.331
phường phước thắng,hồ chí minh,"47,35",1.111,52.589
phường phương liệt,hà nội,"3,20",25.618,81.977
phường rạch dừa,hồ chí minh,"19,70",3.872,76.281
phường sài gòn,hồ chí minh,"3,04",15.468,47.022
phường sơn tây,hà nội,"23,08",3.089,71.301
phường tam bình,hồ chí minh,"10,71",14.324,153.414
phường tam long,hồ chí minh,"34,70",1.185,41.130
phường tam thắng,hồ chí minh,"11,76",7.349,86.420
phường tăng nhơn phú,hồ chí minh,"16,51",12.613,208.233
phường tân bình,hồ chí minh,"2,12",42.157,89.373
phường tân định,hồ chí minh,"1,23",39.450,48.524
phường tân đông hiệp,hồ chí minh,"21,45",4.673,100.243
phường tân hải,hồ chí minh,"51,86",584,30.297
phường tân hiệp,hồ chí minh,"47,06",3.028,142.494
phường tân hòa,hồ chí minh,"1,47",63.563,93.437
phường tân hưng,hồ chí minh,"8,54",17.995,153.674
phường tân khánh,hồ chí minh,"38,27",3.303,126.393
phường tân mỹ,hồ chí minh,"6,45",10.562,68.124
phường tân phú,hồ chí minh,"2,52",36.951,93.117
phường tân phước,hồ chí minh,"83,62",351,29.363
phường tân sơn,hồ chí minh,"10,12",7.631,77.229
phường tân sơn hòa,hồ chí minh,"2,62",24.485,64.150
phường tân sơn nhất,hồ chí minh,"3,19",26.533,84.639
phường tân sơn nhì,hồ chí minh,"3,46",33.895,117.277
phường tân tạo,hồ chí minh,"14,71",7.707,113.363
phường tân thành,hồ chí minh,"61,63",551,33.943
phường tân thới hiệp,hồ chí minh,"8,06",20.851,168.060
phường tân thuận,hồ chí minh,"10,16",14.576,148.090
phường tân uyên,hồ chí minh,"87,61",834,73.032
phường tây hồ,hà nội,"10,72",9.340,100.122
phường tây mỗ,hà nội,"5,56",8.434,46.894
phường tây nam,hồ chí minh,"119,80",474,56.784
phường tây thạnh,hồ chí minh,"3,95",18.384,72.616
phường tây tựu,hà nội,"7,54",5.230,39.436
phường thanh liệt,hà nội,"6,44",11.838,76.238
phường thạnh mỹ tây,hồ chí minh,"4,40",34.822,153.216
phường thanh xuân,hà nội,"3,24",32.814,106.316
phường thông tây hội,hồ chí minh,"3,24",37.405,121.192
phường thới an,hồ chí minh,"14,90",8.433,125.657
phường thới hòa,hồ chí minh,"37,93",2.099,79.601
phường thủ dầu một,hồ chí minh,"15,68",5.621,88.132
phường thủ đức,hồ chí minh,"8,81",13.502,118.952
phường thuận an,hồ chí minh,"16,11",4.015,64.689
phường thuận giao,hồ chí minh,"16,81",8.970,150.781
phường thượng cát,hà nội,"14,77",1.672,24.692
phường trung mỹ tây,hồ chí minh,"6,93",18.250,126.470
phường tùng thiện,hà nội,"32,34",1.300,42.052
phường từ liêm,hà nội,"10,18",11.788,119.997
phường tương mai,hà nội,"3,56",38.284,136.292
phường văn miếu - quốc tử giám,hà nội,"1,92",55.002,105.604
phường việt hưng,hà nội,"12,91",6.444,83.188
phường vĩnh hội,hồ chí minh,"1,17",53.859,63.015
phường vĩnh hưng,hà nội,"4,47",15.114,67.561
phường vĩnh tân,hồ chí minh,"61,35",1.008,61.865
phường vĩnh tuy,hà nội,"2,33",38.877,90.583
phường vũng tàu,hồ chí minh,"16,86",6.964,117.413
phường vườn lài,hồ chí minh,"1,28",81.309,104.076
phường xóm chiếu,hồ chí minh,"1,94",29.832,57.875
phường xuân đỉnh,hà nội,"5,46",8.912,48.658
phường xuân hòa,hồ chí minh,"2,22",21.831,48.464
phường xuân phương,hà nội,"10,81",9.708,104.947
phường yên hòa,hà nội,"4,10",18.788,77.029
phường yên nghĩa,hà nội,"13,18",3.767,49.643
phường yên sở,hà nội,"5,61",7.293,40.913
