model,lr,depth,n_est,alpha,lambda,mape,subsample,iterations
xgb,0.03,8,1800.0,,,19.497913832887463,0.9,
xgb,0.02,8,1800.0,,,19.50829816055467,0.8,
xgb,0.02,8,1800.0,,,19.516932539600372,0.7,
xgb,0.03,8,1500.0,,,19.51747715958183,0.9,
xgb,0.02,8,1500.0,,,19.526734634655554,0.7,
xgb,0.02,9,1800.0,,,19.559864034987317,0.8,
xgb,0.02,8,1500.0,,,19.56011410847375,0.8,
xgb,0.03,8,1200.0,,,19.560780046267563,0.9,
xgb,0.02,9,1500.0,,,19.571896532946045,0.8,
catboost,0.04,10,,,,19.57231238197561,,1800.0
xgb,0.02,8,1200.0,,,19.58303076442572,0.7,
xgb,0.03,8,1000.0,,,19.594919902532933,0.9,
catboost,0.04,10,,,,19.598525928606954,,1500.0
xgb,0.02,9,1200.0,,,19.60276090882502,0.8,
xgb,0.03,7,1800.0,,,19.609777235553477,0.7,
xgb,0.02,8,1200.0,,,19.616681969843615,0.8,
xgb,0.02,9,1800.0,,,19.622008416508784,0.9,
catboost,0.05,9,,,,19.626349773849455,,1800.0
xgb,0.03,7,1500.0,,,19.63071242535888,0.7,
catboost,0.05,9,,,,19.638546798565194,,1500.0
xgb,0.02,9,1500.0,,,19.640332751006472,0.9,
xgb,0.03,6,1800.0,,,19.6462873823579,0.8,
xgb,0.02,8,1800.0,,,19.64648447792365,0.9,
xgb,0.02,9,1000.0,,,19.64903934466901,0.8,
xgb,0.05,8,1800.0,,,19.657373529244797,0.7,
xgb,0.05,8,1500.0,,,19.662652507857754,0.7,
xgb,0.04,8,1800.0,,,19.664365799197007,0.7,
xgb,0.02,8,1000.0,,,19.666537163629112,0.7,
xgb,0.05,8,1200.0,,,19.66729292161889,0.7,
xgb,0.03,7,1800.0,,,19.669178004338022,0.8,
xgb,0.04,8,1500.0,,,19.67395148042731,0.7,
xgb,0.05,8,1000.0,,,19.675380453110055,0.7,
xgb,0.02,10,1800.0,,,19.678214074957438,0.8,
xgb,0.02,7,1800.0,,,19.680437098085072,0.7,
xgb,0.02,9,1200.0,,,19.680629622690166,0.9,
xgb,0.02,10,1500.0,,,19.68183410811689,0.8,
xgb,0.04,7,1800.0,,,19.687409707426394,0.9,
xgb,0.02,8,1000.0,,,19.68800742611691,0.8,
xgb,0.06,6,1800.0,,,19.68801123629444,0.9,
xgb,0.03,6,1500.0,,,19.688160342177635,0.8,
catboost,0.03,10,,,,19.688644373480084,,1800.0
xgb,0.03,7,1500.0,,,19.69017725139514,0.8,
xgb,0.02,8,1500.0,,,19.691003475267813,0.9,
xgb,0.02,10,1200.0,,,19.693029860471032,0.8,
xgb,0.02,10,1800.0,,,19.69364925629097,0.7,
xgb,0.03,9,1800.0,,,19.693981409033924,0.9,
xgb,0.04,8,1200.0,,,19.695212766075656,0.7,
xgb,0.04,9,1500.0,,,19.69539390274492,0.8,
xgb,0.04,9,1800.0,,,19.695761746643857,0.8,
xgb,0.03,9,1500.0,,,19.698483243291793,0.9,
xgb,0.03,6,1800.0,,,19.700230349728965,0.7,
xgb,0.02,7,1800.0,,,19.701712620711838,0.8,
xgb,0.02,9,1800.0,,,19.702005575427318,0.7,
xgb,0.04,9,1200.0,,,19.702065514048588,0.8,
xgb,0.02,10,1500.0,,,19.702304407896694,0.7,
xgb,0.05,7,1800.0,,,19.70278962671255,0.9,
xgb,0.03,8,1800.0,,,19.704267061534615,0.7,
xgb,0.03,9,1200.0,,,19.70846379745757,0.9,
xgb,0.03,7,1800.0,,,19.71006236208557,0.9,
xgb,0.04,9,1000.0,,,19.711035090211634,0.8,
xgb,0.03,8,1800.0,,,19.71219188418039,0.8,
xgb,0.02,9,1000.0,,,19.713522458727645,0.9,
xgb,0.02,10,1000.0,,,19.71581556371025,0.8,
xgb,0.03,9,1000.0,,,19.71654744903379,0.9,
xgb,0.06,6,1500.0,,,19.716577923792762,0.9,
xgb,0.05,7,1500.0,,,19.716634807451452,0.9,
catboost,0.04,10,,,,19.716734451632433,,1200.0
xgb,0.03,7,1200.0,,,19.71717697723237,0.7,
xgb,0.03,8,1500.0,,,19.717780781141965,0.7,
xgb,0.04,7,1500.0,,,19.717865701719898,0.9,
xgb,0.02,10,1200.0,,,19.718267730926733,0.7,
xgb,0.04,8,1000.0,,,19.720823368073084,0.7,
xgb,0.06,7,1800.0,,,19.720901518180646,0.9,
xgb,0.06,9,1800.0,,,19.72301005769946,0.9,
xgb,0.03,8,1500.0,,,19.72352678595553,0.8,
xgb,0.06,9,1200.0,,,19.723885822369613,0.9,
xgb,0.06,9,1500.0,,,19.724959681347467,0.9,
xgb,0.02,9,1500.0,,,19.72549092570586,0.7,
xgb,0.04,8,1800.0,,,19.727531292906917,0.9,
xgb,0.06,9,1000.0,,,19.72788616907684,0.9,
xgb,0.05,6,1500.0,,,19.730982515013324,0.7,
catboost,0.03,10,,,,19.733908538214944,,1500.0
xgb,0.03,6,1500.0,,,19.734860732955177,0.7,
xgb,0.05,6,1800.0,,,19.735990440478446,0.7,
xgb,0.06,7,1500.0,,,19.736541529421473,0.9,
xgb,0.04,8,1500.0,,,19.73829482153051,0.9,
xgb,0.05,7,1200.0,,,19.740037295926488,0.9,
xgb,0.03,8,1200.0,,,19.745527906546823,0.8,
xgb,0.03,7,1200.0,,,19.749021091550663,0.8,
xgb,0.04,8,1200.0,,,19.750502010914843,0.9,
xgb,0.03,10,1800.0,,,19.751979224443218,0.7,
xgb,0.03,10,1200.0,,,19.752755985133916,0.7,
xgb,0.03,9,1800.0,,,19.75303835597708,0.8,
xgb,0.03,10,1500.0,,,19.753598803096818,0.7,
xgb,0.03,9,1500.0,,,19.75468446992623,0.8,
xgb,0.02,9,1200.0,,,19.755423629412117,0.7,
xgb,0.04,7,1200.0,,,19.757693024624057,0.9,
xgb,0.03,10,1000.0,,,19.757908209237456,0.7,
xgb,0.06,7,1200.0,,,19.75859993592921,0.9,
xgb,0.04,7,1800.0,,,19.758613801109306,0.8,
xgb,0.02,10,1000.0,,,19.759305688825286,0.7,
xgb,0.06,6,1200.0,,,19.759325532427837,0.9,
catboost,0.05,9,,,,19.760806328116047,,1200.0
xgb,0.03,7,1000.0,,,19.762154588626068,0.7,
xgb,0.03,7,1500.0,,,19.763299730338762,0.9,
xgb,0.02,8,1200.0,,,19.765479185493767,0.9,
xgb,0.03,8,1200.0,,,19.766285426826357,0.7,
xgb,0.03,9,1200.0,,,19.76695559651355,0.8,
xgb,0.02,7,1500.0,,,19.769140740061317,0.8,
xgb,0.04,7,1500.0,,,19.770949492361847,0.8,
xgb,0.02,7,1500.0,,,19.771169196787305,0.7,
xgb,0.04,8,1000.0,,,19.774087301637238,0.9,
xgb,0.05,7,1000.0,,,19.775757788518707,0.9,
xgb,0.03,8,1000.0,,,19.77599260294418,0.8,
xgb,0.04,9,1800.0,,,19.781747947045062,0.7,
xgb,0.03,6,1800.0,,,19.78176521874445,0.9,
catboost,0.07,8,,,,19.78388847200869,,1200.0
catboost,0.07,8,,,,19.78388847200869,,1800.0
catboost,0.07,8,,,,19.78388847200869,,1500.0
xgb,0.04,9,1200.0,,,19.785472742620776,0.7,
xgb,0.02,10,1800.0,,,19.785731913896804,0.9,
xgb,0.03,9,1000.0,,,19.786056040690923,0.8,
xgb,0.06,7,1000.0,,,19.786285594563836,0.9,
xgb,0.04,9,1500.0,,,19.78668365289581,0.7,
xgb,0.05,6,1200.0,,,19.78852442427185,0.7,
xgb,0.04,8,1800.0,,,19.78917402791109,0.8,
xgb,0.03,8,1000.0,,,19.79013049870551,0.7,
xgb,0.02,10,1500.0,,,19.790973871204606,0.9,
xgb,0.04,9,1000.0,,,19.7925102314671,0.7,
xgb,0.04,7,1000.0,,,19.792555645889763,0.9,
xgb,0.05,7,1800.0,,,19.793033206073936,0.7,
xgb,0.03,9,1800.0,,,19.793389160173085,0.7,
xgb,0.05,9,1500.0,,,19.794562744737323,0.9,
xgb,0.04,8,1500.0,,,19.7952732883613,0.8,
xgb,0.02,9,1000.0,,,19.795740521364795,0.7,
xgb,0.05,9,1800.0,,,19.795828383337867,0.9,
xgb,0.06,6,1000.0,,,19.796630012119312,0.9,
xgb,0.05,9,1200.0,,,19.797669403040207,0.9,
xgb,0.05,7,1500.0,,,19.801099051420863,0.7,
xgb,0.03,9,1500.0,,,19.802045900653287,0.7,
xgb,0.05,9,1000.0,,,19.802404444939285,0.9,
xgb,0.03,6,1200.0,,,19.804693466200867,0.7,
xgb,0.02,10,1200.0,,,19.806336046508623,0.9,
xgb,0.04,6,1800.0,,,19.810646459519823,0.8,
xgb,0.04,8,1200.0,,,19.81296586479183,0.8,
xgb,0.04,10,1500.0,,,19.814290981217162,0.7,
xgb,0.05,8,1800.0,,,19.814751803411767,0.9,
xgb,0.04,10,1800.0,,,19.814762557461826,0.7,
xgb,0.04,10,1200.0,,,19.815933316494725,0.7,
xgb,0.03,9,1200.0,,,19.81651813994665,0.7,
xgb,0.05,8,1500.0,,,19.816620861950007,0.9,
xgb,0.04,6,1800.0,,,19.81753593982536,0.9,
xgb,0.04,9,1500.0,,,19.820183160883328,0.9,
xgb,0.04,9,1800.0,,,19.820709077499853,0.9,
xgb,0.05,8,1200.0,,,19.820929813087172,0.9,
xgb,0.03,6,1200.0,,,19.820942209373786,0.8,
xgb,0.04,10,1000.0,,,19.82178425383796,0.7,
xgb,0.04,9,1200.0,,,19.824138954494895,0.9,
xgb,0.04,7,1200.0,,,19.824469981864063,0.8,
xgb,0.03,7,1000.0,,,19.826104855490918,0.8,
xgb,0.05,8,1000.0,,,19.82845594613648,0.9,
xgb,0.03,7,1200.0,,,19.82871317314851,0.9,
xgb,0.02,10,1000.0,,,19.828934460672283,0.9,
xgb,0.04,8,1000.0,,,19.832739930041875,0.8,
xgb,0.04,7,1800.0,,,19.83423609239672,0.7,
xgb,0.04,9,1000.0,,,19.83450537664231,0.9,
xgb,0.02,6,1800.0,,,19.834537600309936,0.7,
catboost,0.04,10,,,,19.83626553337106,,1000.0
xgb,0.03,9,1000.0,,,19.837879924846185,0.7,
xgb,0.05,7,1200.0,,,19.838207307001674,0.7,
xgb,0.05,6,1800.0,,,19.840589692918993,0.8,
xgb,0.06,7,1800.0,,,19.841348223734915,0.8,
xgb,0.02,7,1800.0,,,19.841450027691522,0.9,
xgb,0.04,6,1800.0,,,19.84656971567073,0.7,
xgb,0.05,6,1000.0,,,19.847292001951512,0.7,
xgb,0.02,8,1000.0,,,19.849092507700796,0.9,
xgb,0.05,7,1800.0,,,19.84950072584334,0.8,
xgb,0.04,7,1500.0,,,19.84984038209975,0.7,
xgb,0.06,7,1500.0,,,19.852275420352996,0.8,
catboost,0.07,8,,,,19.8541949133518,,1000.0
catboost,0.06,9,,,,19.85586632403512,,1800.0
catboost,0.06,9,,,,19.85586632403512,,1200.0
catboost,0.06,9,,,,19.85586632403512,,1500.0
xgb,0.02,7,1200.0,,,19.855918582720953,0.7,
xgb,0.04,7,1000.0,,,19.85842031162262,0.8,
xgb,0.05,7,1500.0,,,19.86011168415342,0.8,
catboost,0.04,9,,,,19.862691966536623,,1500.0
catboost,0.04,9,,,,19.862691966536623,,1800.0
catboost,0.03,10,,,,19.8629492320109,,1200.0
xgb,0.04,6,1500.0,,,19.86422748934085,0.9,
xgb,0.05,6,1500.0,,,19.867507951403894,0.8,
catboost,0.05,10,,,,19.868628485093982,,1800.0
catboost,0.05,10,,,,19.868628485093982,,1200.0
catboost,0.05,10,,,,19.868628485093982,,1500.0
xgb,0.06,7,1500.0,,,19.874927456467482,0.7,
xgb,0.06,7,1200.0,,,19.875909703409736,0.7,
xgb,0.04,7,1200.0,,,19.876211270487158,0.7,
xgb,0.03,6,1500.0,,,19.879509639221247,0.9,
xgb,0.06,6,1800.0,,,19.88096090375166,0.8,
xgb,0.05,7,1000.0,,,19.88106236443638,0.7,
xgb,0.06,7,1800.0,,,19.881182989990936,0.7,
xgb,0.06,7,1200.0,,,19.881490825039098,0.8,
xgb,0.05,9,1200.0,,,19.882104099602934,0.7,
xgb,0.02,7,1200.0,,,19.883187011314348,0.8,
xgb,0.05,9,1800.0,,,19.883228200900657,0.7,
xgb,0.05,9,1500.0,,,19.884206042309803,0.7,
xgb,0.05,8,1500.0,,,19.884388052769765,0.8,
xgb,0.05,8,1200.0,,,19.88512801570356,0.8,
xgb,0.04,6,1500.0,,,19.885399084709288,0.8,
xgb,0.05,8,1800.0,,,19.885602005827423,0.8,
xgb,0.06,7,1000.0,,,19.885969252217233,0.7,
xgb,0.05,9,1000.0,,,19.88910018829684,0.7,
xgb,0.05,6,1200.0,,,19.88921267101633,0.8,
xgb,0.05,8,1000.0,,,19.889985263876593,0.8,
xgb,0.06,7,1000.0,,,19.891715796809724,0.8,
xgb,0.06,8,1800.0,,,19.894522373544422,0.9,
xgb,0.06,8,1500.0,,,19.89468698985787,0.9,
xgb,0.06,8,1200.0,,,19.895582366482813,0.9,
xgb,0.03,7,1000.0,,,19.899602200002057,0.9,
xgb,0.06,8,1000.0,,,19.900273917770203,0.9,
xgb,0.03,10,1800.0,,,19.90072903382611,0.8,
xgb,0.05,7,1200.0,,,19.900992502475358,0.8,
xgb,0.03,10,1500.0,,,19.90147835193847,0.8,
xgb,0.04,7,1000.0,,,19.901919558165616,0.7,
xgb,0.06,6,1500.0,,,19.903797679599105,0.8,
xgb,0.06,6,1200.0,,,19.904399361469032,0.8,
catboost,0.05,9,,,,19.9045288266682,,1000.0
xgb,0.04,6,1500.0,,,19.905289536768738,0.7,
xgb,0.03,10,1200.0,,,19.90740720055067,0.8,
xgb,0.03,6,1000.0,,,19.910802201643563,0.7,
catboost,0.06,10,,,,19.9119465881732,,1800.0
catboost,0.06,10,,,,19.9119465881732,,1200.0
catboost,0.06,10,,,,19.9119465881732,,1000.0
catboost,0.06,10,,,,19.9119465881732,,1500.0
xgb,0.03,10,1000.0,,,19.912849818997238,0.8,
catboost,0.03,9,,,,19.91322807001237,,1800.0
catboost,0.04,9,,,,19.914661240141267,,1200.0
catboost,0.05,10,,,,19.92114796449149,,1000.0
xgb,0.06,6,1000.0,,,19.922325776566353,0.8,
xgb,0.02,6,1500.0,,,19.926134398008145,0.7,
xgb,0.02,7,1500.0,,,19.927106418619086,0.9,
xgb,0.05,7,1000.0,,,19.928136011872205,0.8,
xgb,0.06,9,1200.0,,,19.928276025608398,0.7,
xgb,0.06,9,1000.0,,,19.92988503000831,0.7,
xgb,0.03,6,1200.0,,,19.930913466882544,0.9,
xgb,0.06,9,1800.0,,,19.932554138647042,0.7,
xgb,0.06,9,1500.0,,,19.93304032633293,0.7,
catboost,0.04,8,,,,19.934881301833688,,1500.0
catboost,0.04,8,,,,19.934881301833688,,1800.0
xgb,0.03,10,1800.0,,,19.936129430983843,0.9,
xgb,0.03,10,1500.0,,,19.937814382194887,0.9,
catboost,0.06,9,,,,19.938152457779154,,1000.0
xgb,0.02,7,1000.0,,,19.941724716500925,0.7,
xgb,0.03,10,1200.0,,,19.944234601656504,0.9,
xgb,0.02,6,1800.0,,,19.947395742826473,0.8,
xgb,0.04,6,1200.0,,,19.94775774126466,0.9,
xgb,0.05,6,1000.0,,,19.949058320253165,0.8,
xgb,0.03,10,1000.0,,,19.951243511232185,0.9,
xgb,0.04,6,1200.0,,,19.954571457996455,0.8,
xgb,0.06,9,1500.0,,,19.956904529894352,0.8,
xgb,0.06,9,1800.0,,,19.961851289582345,0.8,
xgb,0.06,9,1200.0,,,19.962961564651557,0.8,
xgb,0.03,6,1000.0,,,19.96535877170715,0.8,
xgb,0.06,9,1000.0,,,19.966204784732415,0.8,
catboost,0.07,10,,,,19.970319169855415,,1800.0
catboost,0.07,10,,,,19.970319169855415,,1000.0
catboost,0.07,10,,,,19.970319169855415,,1500.0
catboost,0.07,10,,,,19.970319169855415,,1200.0
xgb,0.05,9,1500.0,,,19.971304762158212,0.8,
xgb,0.05,9,1200.0,,,19.973122446058706,0.8,
xgb,0.05,6,1800.0,,,19.973657687108258,0.9,
xgb,0.05,9,1800.0,,,19.97374034923466,0.8,
xgb,0.05,9,1000.0,,,19.98047045529413,0.8,
xgb,0.02,7,1000.0,,,19.985067040137462,0.8,
xgb,0.04,10,1800.0,,,19.987998453088366,0.8,
xgb,0.04,10,1500.0,,,19.98813481458677,0.8,
xgb,0.06,6,1800.0,,,19.988170444396737,0.7,
xgb,0.03,6,1000.0,,,19.989422586802252,0.9,
xgb,0.04,6,1000.0,,,19.989425193622054,0.9,
xgb,0.04,6,1200.0,,,19.9909224224449,0.7,
xgb,0.04,10,1200.0,,,19.99097670914528,0.8,
xgb,0.04,10,1000.0,,,19.992709100078166,0.8,
xgb,0.06,6,1500.0,,,19.9984569413506,0.7,
xgb,0.05,6,1500.0,,,20.005357553064005,0.9,
catboost,0.03,9,,,,20.00659091429374,,1500.0
catboost,0.03,10,,,,20.007545059123984,,1000.0
xgb,0.02,7,1200.0,,,20.01851678394962,0.9,
xgb,0.06,6,1000.0,,,20.02700521007036,0.7,
catboost,0.05,8,,,,20.03011397299625,,1500.0
catboost,0.05,8,,,,20.03011397299625,,1200.0
catboost,0.05,8,,,,20.03011397299625,,1800.0
xgb,0.06,6,1200.0,,,20.031019272521206,0.7,
xgb,0.02,6,1500.0,,,20.033216610397155,0.8,
catboost,0.05,7,,,,20.037292943280363,,1800.0
xgb,0.05,6,1200.0,,,20.04030794277412,0.9,
catboost,0.06,7,,,,20.045490891402405,,1800.0
catboost,0.06,7,,,,20.045490891402405,,1500.0
lgbm,0.07,10,1200.0,0.2,2.0,20.045848018981047,,
lgbm,0.07,10,1200.0,0.05,2.0,20.04584801898562,,
lgbm,0.07,10,1200.0,0.1,2.0,20.045848019008673,,
lgbm,0.07,10,1200.0,0.15,2.0,20.04584801912669,,
catboost,0.05,7,,,,20.047351862959854,,1500.0
xgb,0.02,6,1800.0,,,20.052023696764987,0.9,
lgbm,0.07,10,1500.0,0.2,2.0,20.05479997094254,,
lgbm,0.07,10,1500.0,0.05,2.0,20.05479997105878,,
lgbm,0.07,10,1500.0,0.1,2.0,20.054799971073567,,
lgbm,0.07,10,1500.0,0.15,2.0,20.054799971193066,,
catboost,0.03,8,,,,20.054822010196087,,1800.0
catboost,0.04,9,,,,20.0551871511817,,1000.0
xgb,0.04,6,1000.0,,,20.056643791830233,0.8,
lgbm,0.07,10,1000.0,0.05,2.0,20.05738789759554,,
lgbm,0.07,10,1000.0,0.15,2.0,20.05738789768305,,
lgbm,0.07,10,1000.0,0.1,2.0,20.05738789768364,,
lgbm,0.07,10,1000.0,0.2,2.0,20.0573878977115,,
catboost,0.04,8,,,,20.06776197291545,,1200.0
xgb,0.02,6,1200.0,,,20.079360204571366,0.7,
xgb,0.05,10,1000.0,,,20.081693656377027,0.7,
xgb,0.05,10,1200.0,,,20.082761817703418,0.7,
xgb,0.05,10,1800.0,,,20.08347213087277,0.7,
xgb,0.05,10,1500.0,,,20.084600429536913,0.7,
xgb,0.04,6,1000.0,,,20.090607693691727,0.7,
xgb,0.05,6,1000.0,,,20.0939891947058,0.9,
xgb,0.06,10,1500.0,,,20.09970278365132,0.9,
xgb,0.06,10,1000.0,,,20.100042229064204,0.9,
xgb,0.06,10,1200.0,,,20.100536966804075,0.9,
xgb,0.06,10,1800.0,,,20.10294042654773,0.9,
lgbm,0.06,9,1000.0,0.15,2.0,20.107986088890307,,
lgbm,0.06,9,1000.0,0.05,2.0,20.107986088907843,,
lgbm,0.06,9,1000.0,0.2,2.0,20.10798608891029,,
lgbm,0.06,9,1000.0,0.1,2.0,20.1079860889855,,
lgbm,0.07,10,800.0,0.05,2.0,20.109798647511024,,
lgbm,0.07,10,800.0,0.1,2.0,20.109798647598513,,
lgbm,0.07,10,800.0,0.15,2.0,20.109798647673603,,
lgbm,0.07,10,800.0,0.2,2.0,20.109798647706484,,
catboost,0.07,7,,,,20.111544710038846,,1200.0
catboost,0.07,7,,,,20.111544710038846,,1500.0
catboost,0.07,7,,,,20.111544710038846,,1800.0
xgb,0.05,10,1500.0,,,20.11334796643992,0.9,
xgb,0.05,10,1200.0,,,20.1144293247148,0.9,
xgb,0.05,10,1000.0,,,20.115029474275854,0.9,
xgb,0.05,10,1800.0,,,20.115589206123396,0.9,
xgb,0.02,7,1000.0,,,20.11734424552388,0.9,
lgbm,0.04,10,1500.0,0.1,0.5,20.117841651518095,,
lgbm,0.04,10,1500.0,0.2,0.5,20.11784165153041,,
lgbm,0.04,10,1500.0,0.15,0.5,20.117841651575255,,
lgbm,0.04,10,1500.0,0.05,0.5,20.117841651622857,,
xgb,0.04,10,1500.0,,,20.11813785044673,0.9,
lgbm,0.06,9,800.0,0.2,2.0,20.118872314212908,,
lgbm,0.06,9,800.0,0.15,2.0,20.11887231424036,,
lgbm,0.06,9,800.0,0.05,2.0,20.11887231425137,,
lgbm,0.06,9,800.0,0.1,2.0,20.118872314279084,,
xgb,0.04,10,1800.0,,,20.119314984764813,0.9,
catboost,0.06,8,,,,20.12046646697689,,1200.0
catboost,0.06,8,,,,20.12046646697689,,1500.0
catboost,0.06,8,,,,20.12046646697689,,1800.0
xgb,0.04,10,1200.0,,,20.120563184077874,0.9,
xgb,0.04,10,1000.0,,,20.12263825633568,0.9,
xgb,0.02,6,1200.0,,,20.12705291159778,0.8,
catboost,0.04,8,,,,20.130110752452044,,1000.0
lgbm,0.04,10,1500.0,0.2,2.0,20.132832187210767,,
lgbm,0.04,10,1500.0,0.1,2.0,20.132832187214383,,
lgbm,0.04,10,1500.0,0.05,2.0,20.132832187228463,,
lgbm,0.04,10,1500.0,0.15,2.0,20.13283218725697,,
lgbm,0.05,8,1200.0,0.15,1.0,20.138534609666706,,
lgbm,0.05,8,1200.0,0.1,1.0,20.138534609691394,,
lgbm,0.05,8,1200.0,0.2,1.0,20.138534609691554,,
lgbm,0.05,8,1200.0,0.05,1.0,20.138534609732208,,
catboost,0.03,7,,,,20.138853357999047,,1800.0
lgbm,0.05,8,1000.0,0.2,1.0,20.142149318719547,,
lgbm,0.05,8,1000.0,0.15,1.0,20.14214931873156,,
lgbm,0.05,8,1000.0,0.1,1.0,20.142149318776966,,
lgbm,0.05,8,1000.0,0.05,1.0,20.142149318784348,,
xgb,0.05,10,1500.0,,,20.142634433036857,0.8,
xgb,0.05,10,1800.0,,,20.142854008268454,0.8,
lgbm,0.05,8,1500.0,0.2,1.0,20.143391493535333,,
lgbm,0.05,8,1500.0,0.15,1.0,20.14339149354339,,
lgbm,0.05,8,1500.0,0.1,1.0,20.143391493565105,,
lgbm,0.05,8,1500.0,0.05,1.0,20.143391493589828,,
catboost,0.05,8,,,,20.14390172734698,,1000.0
xgb,0.06,8,1500.0,,,20.14458864160191,0.8,
xgb,0.05,10,1200.0,,,20.145039138417623,0.8,
xgb,0.05,10,1000.0,,,20.146135862852166,0.8,
xgb,0.06,8,1800.0,,,20.14739265399202,0.8,
xgb,0.06,8,1200.0,,,20.14865574203338,0.8,
lgbm,0.06,8,800.0,0.2,0.5,20.151628999267153,,
lgbm,0.06,8,800.0,0.15,0.5,20.151628999344055,,
lgbm,0.06,8,800.0,0.1,0.5,20.1516289993686,,
lgbm,0.06,8,800.0,0.05,0.5,20.15162899940428,,
lgbm,0.03,8,1500.0,0.2,1.0,20.151836117239437,,
lgbm,0.03,8,1500.0,0.1,1.0,20.15183611724186,,
lgbm,0.03,8,1500.0,0.05,1.0,20.1518361172549,,
lgbm,0.03,8,1500.0,0.15,1.0,20.151836117265713,,
xgb,0.06,8,1000.0,,,20.155830428564524,0.8,
lgbm,0.06,9,1200.0,0.15,2.0,20.156481075137293,,
lgbm,0.06,9,1200.0,0.05,2.0,20.15648107516437,,
lgbm,0.06,9,1200.0,0.1,2.0,20.156481075228967,,
lgbm,0.06,9,1200.0,0.2,2.0,20.156481075276826,,
lgbm,0.06,8,1200.0,0.1,0.5,20.162828783588555,,
lgbm,0.06,8,1200.0,0.2,0.5,20.16282878371858,,
lgbm,0.06,8,1200.0,0.15,0.5,20.162828783760222,,
lgbm,0.06,8,1200.0,0.05,0.5,20.162828783880478,,
lgbm,0.04,10,1200.0,0.1,0.5,20.170599854445175,,
lgbm,0.04,10,1200.0,0.2,0.5,20.170599854447996,,
lgbm,0.04,10,1200.0,0.15,0.5,20.170599854486174,,
lgbm,0.04,10,1200.0,0.05,0.5,20.170599854525754,,
catboost,0.06,8,,,,20.17089965012116,,1000.0
catboost,0.03,9,,,,20.172277910247704,,1200.0
catboost,0.06,7,,,,20.17356674831662,,1200.0
catboost,0.04,6,,,,20.178806676330918,,1800.0
lgbm,0.06,8,1500.0,0.1,0.5,20.185279765172677,,
lgbm,0.06,8,1500.0,0.15,0.5,20.185279765294776,,
lgbm,0.06,8,1500.0,0.2,0.5,20.185279765342777,,
lgbm,0.06,8,1500.0,0.05,0.5,20.18527976539175,,
xgb,0.02,6,1500.0,,,20.185645825589862,0.9,
lgbm,0.04,10,1000.0,0.2,0.5,20.18705609063497,,
lgbm,0.04,10,1000.0,0.1,0.5,20.187056090657617,,
lgbm,0.04,10,1000.0,0.15,0.5,20.18705609072417,,
lgbm,0.04,10,1000.0,0.05,0.5,20.1870560907307,,
lgbm,0.06,8,1000.0,0.2,0.5,20.18775635932207,,
lgbm,0.06,8,1000.0,0.1,0.5,20.187756359374664,,
lgbm,0.06,8,1000.0,0.15,0.5,20.187756359396058,,
lgbm,0.06,8,1000.0,0.05,0.5,20.187756359500252,,
lgbm,0.06,10,1500.0,0.05,2.0,20.187812316877622,,
lgbm,0.06,10,1500.0,0.2,2.0,20.18781231691303,,
lgbm,0.06,10,1500.0,0.1,2.0,20.187812316916336,,
lgbm,0.06,10,1500.0,0.15,2.0,20.18781231701485,,
xgb,0.06,8,1800.0,,,20.187823740868456,0.7,
catboost,0.07,7,,,,20.19209445193207,,1000.0
catboost,0.05,7,,,,20.193355060692912,,1200.0
xgb,0.06,8,1200.0,,,20.19363060824814,0.7,
xgb,0.06,8,1000.0,,,20.19412542817415,0.7,
catboost,0.03,8,,,,20.194388006550533,,1500.0
xgb,0.06,8,1500.0,,,20.19521025704197,0.7,
catboost,0.04,7,,,,20.197717453803623,,1800.0
catboost,0.04,7,,,,20.197717453803623,,1500.0
lgbm,0.04,10,800.0,0.2,0.5,20.198216233515293,,
lgbm,0.04,10,800.0,0.1,0.5,20.198216233537778,,
lgbm,0.04,10,800.0,0.15,0.5,20.198216233556565,,
lgbm,0.04,10,800.0,0.05,0.5,20.198216233585605,,
lgbm,0.04,10,1200.0,0.2,2.0,20.20097673826281,,
lgbm,0.04,10,1200.0,0.1,2.0,20.20097673829277,,
lgbm,0.04,10,1200.0,0.05,2.0,20.200976738308213,,
lgbm,0.04,10,1200.0,0.15,2.0,20.200976738313106,,
lgbm,0.06,10,1200.0,0.05,2.0,20.202697946902358,,
lgbm,0.06,10,1200.0,0.2,2.0,20.202697946929437,,
lgbm,0.06,10,1200.0,0.1,2.0,20.202697946930055,,
lgbm,0.06,10,1200.0,0.15,2.0,20.202697947031535,,
lgbm,0.04,8,1500.0,0.05,2.0,20.205287353826872,,
lgbm,0.04,8,1500.0,0.2,2.0,20.20528735387465,,
lgbm,0.04,8,1500.0,0.15,2.0,20.205287353884437,,
lgbm,0.04,8,1500.0,0.1,2.0,20.205287353938424,,
xgb,0.06,10,1500.0,,,20.206047512914616,0.8,
lgbm,0.05,9,1500.0,0.2,0.5,20.206780184970754,,
lgbm,0.05,9,1500.0,0.1,0.5,20.206780185006632,,
lgbm,0.05,9,1500.0,0.15,0.5,20.20678018505028,,
lgbm,0.05,9,1500.0,0.05,0.5,20.206780185100943,,
lgbm,0.05,8,800.0,0.2,1.0,20.20733737645232,,
lgbm,0.05,8,800.0,0.1,1.0,20.20733737646197,,
lgbm,0.05,8,800.0,0.05,1.0,20.207337376478993,,
lgbm,0.05,8,800.0,0.15,1.0,20.207337376513223,,
lgbm,0.04,10,1000.0,0.2,2.0,20.208212717367317,,
lgbm,0.04,10,1000.0,0.15,2.0,20.208212717371808,,
lgbm,0.04,10,1000.0,0.1,2.0,20.20821271737548,,
lgbm,0.04,10,1000.0,0.05,2.0,20.208212717398208,,
xgb,0.06,10,1800.0,,,20.20891330714189,0.8,
catboost,0.06,7,,,,20.208974093703855,,1000.0
xgb,0.06,10,1200.0,,,20.210682421529818,0.8,
xgb,0.06,10,1000.0,,,20.211704945200292,0.8,
xgb,0.02,6,1000.0,,,20.218978726457422,0.7,
lgbm,0.06,9,1500.0,0.15,2.0,20.219942121483754,,
lgbm,0.06,9,1500.0,0.1,2.0,20.219942121571453,,
lgbm,0.06,9,1500.0,0.05,2.0,20.219942121625888,,
lgbm,0.06,9,1500.0,0.2,2.0,20.21994212168052,,
lgbm,0.03,10,1500.0,0.1,2.0,20.22903210099825,,
lgbm,0.03,10,1500.0,0.05,2.0,20.229032101006315,,
lgbm,0.03,10,1500.0,0.15,2.0,20.229032101030732,,
lgbm,0.03,10,1500.0,0.2,2.0,20.22903210103343,,
lgbm,0.04,9,1500.0,0.1,1.0,20.231416569141036,,
lgbm,0.04,9,1500.0,0.15,1.0,20.23141656918314,,
lgbm,0.04,9,1500.0,0.2,1.0,20.231416569223416,,
lgbm,0.04,9,1500.0,0.05,1.0,20.23141656923673,,
lgbm,0.05,9,1200.0,0.2,0.5,20.23217900863869,,
lgbm,0.05,9,1200.0,0.1,0.5,20.232179008677885,,
lgbm,0.05,9,1200.0,0.15,0.5,20.232179008747664,,
lgbm,0.05,9,1200.0,0.05,0.5,20.23217900877482,,
lgbm,0.03,9,1200.0,0.2,1.0,20.234641600896435,,
lgbm,0.03,9,1200.0,0.15,1.0,20.234641600922785,,
lgbm,0.03,9,1200.0,0.1,1.0,20.234641600940996,,
lgbm,0.03,9,1200.0,0.05,1.0,20.234641600950365,,
lgbm,0.05,9,1000.0,0.1,2.0,20.235681088753708,,
lgbm,0.05,9,1000.0,0.2,2.0,20.235681088818563,,
lgbm,0.05,9,1000.0,0.15,2.0,20.235681088843354,,
lgbm,0.05,9,1000.0,0.05,2.0,20.235681088929592,,
lgbm,0.04,9,1200.0,0.1,1.0,20.236028520717483,,
lgbm,0.04,9,1200.0,0.2,1.0,20.236028520735715,,
lgbm,0.04,9,1200.0,0.15,1.0,20.236028520745794,,
lgbm,0.04,9,1200.0,0.05,1.0,20.236028520750388,,
lgbm,0.03,9,1500.0,0.15,1.0,20.241465386934784,,
lgbm,0.03,9,1500.0,0.2,1.0,20.241465386936618,,
lgbm,0.03,9,1500.0,0.1,1.0,20.241465386976877,,
lgbm,0.03,9,1500.0,0.05,1.0,20.241465386991035,,
lgbm,0.04,8,1200.0,0.05,2.0,20.243233494554268,,
lgbm,0.04,8,1200.0,0.15,2.0,20.24323349458654,,
lgbm,0.04,8,1200.0,0.2,2.0,20.243233494592204,,
lgbm,0.04,8,1200.0,0.1,2.0,20.243233494630942,,
lgbm,0.07,6,1000.0,0.2,2.0,20.244978697459896,,
lgbm,0.07,6,1000.0,0.15,2.0,20.24497869751435,,
lgbm,0.07,6,1000.0,0.05,2.0,20.244978697570353,,
lgbm,0.07,6,1000.0,0.1,2.0,20.244978697637286,,
lgbm,0.06,10,1000.0,0.05,2.0,20.250029829727705,,
lgbm,0.06,10,1000.0,0.1,2.0,20.250029829770945,,
lgbm,0.06,10,1000.0,0.2,2.0,20.250029829794013,,
lgbm,0.06,10,1000.0,0.15,2.0,20.25002982984356,,
catboost,0.04,6,,,,20.255971594660654,,1500.0
lgbm,0.03,8,1200.0,0.05,1.0,20.257931349426357,,
lgbm,0.03,8,1200.0,0.2,1.0,20.25793134943867,,
lgbm,0.03,8,1200.0,0.15,1.0,20.257931349450704,,
lgbm,0.03,8,1200.0,0.1,1.0,20.257931349456214,,
lgbm,0.05,9,1500.0,0.2,2.0,20.25894960948537,,
lgbm,0.05,9,1500.0,0.1,2.0,20.25894960948724,,
lgbm,0.05,9,1500.0,0.05,2.0,20.25894960951308,,
lgbm,0.05,9,1500.0,0.15,2.0,20.258949609523217,,
catboost,0.04,7,,,,20.259326733669756,,1200.0
lgbm,0.05,9,1000.0,0.1,0.5,20.26042258506355,,
lgbm,0.05,9,1000.0,0.2,0.5,20.26042258506979,,
lgbm,0.05,9,1000.0,0.15,0.5,20.260422585111993,,
lgbm,0.05,9,1000.0,0.05,0.5,20.26042258516012,,
lgbm,0.06,9,1000.0,0.2,0.5,20.261451591330147,,
lgbm,0.06,9,1000.0,0.05,0.5,20.26145159135539,,
lgbm,0.06,9,1000.0,0.1,0.5,20.26145159145944,,
lgbm,0.06,9,1000.0,0.15,0.5,20.26145159154208,,
catboost,0.03,7,,,,20.26237034915907,,1500.0
lgbm,0.07,10,1000.0,0.2,0.5,20.26687506207012,,
lgbm,0.07,10,1000.0,0.15,0.5,20.266875062090893,,
lgbm,0.07,10,1000.0,0.1,0.5,20.2668750620931,,
lgbm,0.07,10,1000.0,0.05,0.5,20.26687506213595,,
lgbm,0.05,9,1200.0,0.1,2.0,20.267664696666646,,
lgbm,0.05,9,1200.0,0.2,2.0,20.26766469666878,,
lgbm,0.05,9,1200.0,0.15,2.0,20.26766469672131,,
lgbm,0.05,9,1200.0,0.05,2.0,20.267664696761788,,
xgb,0.02,6,1000.0,,,20.269962455383936,0.8,
lgbm,0.07,6,1200.0,0.2,2.0,20.271226412571785,,
lgbm,0.07,6,1200.0,0.15,2.0,20.27122641271554,,
lgbm,0.07,6,1200.0,0.05,2.0,20.271226412721187,,
lgbm,0.07,6,1200.0,0.1,2.0,20.27122641272385,,
lgbm,0.05,8,1500.0,0.15,2.0,20.277822929056253,,
lgbm,0.05,8,1500.0,0.05,2.0,20.277822929059617,,
lgbm,0.05,8,1500.0,0.2,2.0,20.277822929085918,,
lgbm,0.05,8,1500.0,0.1,2.0,20.277822929103625,,
lgbm,0.05,10,1500.0,0.2,0.5,20.28462205189372,,
lgbm,0.05,10,1500.0,0.1,0.5,20.284622051906222,,
lgbm,0.05,10,1500.0,0.05,0.5,20.284622051944233,,
lgbm,0.05,10,1500.0,0.15,0.5,20.28462205197992,,
lgbm,0.07,10,1200.0,0.1,0.5,20.285526368171233,,
lgbm,0.07,10,1200.0,0.15,0.5,20.285526368182314,,
lgbm,0.07,10,1200.0,0.2,0.5,20.28552636818468,,
lgbm,0.07,10,1200.0,0.05,0.5,20.285526368243488,,
lgbm,0.05,8,1200.0,0.05,2.0,20.28688788553512,,
lgbm,0.05,8,1200.0,0.2,2.0,20.286887885569353,,
lgbm,0.05,8,1200.0,0.1,2.0,20.286887885583372,,
lgbm,0.05,8,1200.0,0.15,2.0,20.28688788559321,,
lgbm,0.05,7,1500.0,0.2,2.0,20.28763692279438,,
lgbm,0.05,7,1500.0,0.05,2.0,20.287636922819537,,
lgbm,0.05,7,1500.0,0.1,2.0,20.287636922828494,,
lgbm,0.05,7,1500.0,0.15,2.0,20.28763692286325,,
lgbm,0.05,7,1200.0,0.1,0.5,20.28798572736745,,
lgbm,0.05,7,1200.0,0.05,0.5,20.287985727392236,,
lgbm,0.05,7,1200.0,0.15,0.5,20.28798572739441,,
lgbm,0.05,7,1200.0,0.2,0.5,20.28798572746341,,
lgbm,0.05,7,1000.0,0.05,0.5,20.288040891530514,,
lgbm,0.05,7,1000.0,0.15,0.5,20.288040891548896,,
lgbm,0.05,7,1000.0,0.1,0.5,20.288040891567952,,
lgbm,0.05,7,1000.0,0.2,0.5,20.288040891594562,,
xgb,0.06,10,1200.0,,,20.288979622497312,0.7,
catboost,0.05,7,,,,20.28976359852667,,1000.0
lgbm,0.03,8,1500.0,0.2,2.0,20.290079462535857,,
lgbm,0.03,8,1500.0,0.1,2.0,20.290079462591212,,
lgbm,0.03,8,1500.0,0.05,2.0,20.29007946260141,,
lgbm,0.03,8,1500.0,0.15,2.0,20.290079462615715,,
xgb,0.06,10,1500.0,,,20.290311830428266,0.7,
xgb,0.06,10,1000.0,,,20.2903465895898,0.7,
xgb,0.06,10,1800.0,,,20.29045240880054,0.7,
xgb,0.02,6,1200.0,,,20.291672853382977,0.9,
catboost,0.05,6,,,,20.29297517029607,,1800.0
lgbm,0.06,9,1200.0,0.2,0.5,20.29414690793427,,
lgbm,0.06,9,1200.0,0.1,0.5,20.294146907939897,,
lgbm,0.06,9,1200.0,0.05,0.5,20.29414690795008,,
lgbm,0.06,9,1200.0,0.15,0.5,20.294146908067294,,
lgbm,0.04,9,1000.0,0.1,1.0,20.295146661208978,,
lgbm,0.04,9,1000.0,0.05,1.0,20.295146661229698,,
lgbm,0.04,9,1000.0,0.15,1.0,20.295146661262024,,
lgbm,0.04,9,1000.0,0.2,1.0,20.29514666126507,,
lgbm,0.07,10,1500.0,0.15,0.5,20.296241889662234,,
lgbm,0.07,10,1500.0,0.1,0.5,20.296241889760662,,
lgbm,0.07,10,1500.0,0.05,0.5,20.296241889778408,,
lgbm,0.07,10,1500.0,0.2,0.5,20.296241889805998,,
lgbm,0.07,10,800.0,0.1,0.5,20.297650181353404,,
lgbm,0.07,10,800.0,0.2,0.5,20.297650181366702,,
lgbm,0.07,10,800.0,0.15,0.5,20.297650181374514,,
lgbm,0.07,10,800.0,0.05,0.5,20.297650181378604,,
lgbm,0.07,6,800.0,0.2,2.0,20.302834411724827,,
lgbm,0.07,6,800.0,0.15,2.0,20.302834411730355,,
lgbm,0.07,6,800.0,0.05,2.0,20.302834411794358,,
lgbm,0.07,6,800.0,0.1,2.0,20.30283441182161,,
lgbm,0.07,9,800.0,0.15,2.0,20.302838468024387,,
lgbm,0.07,9,800.0,0.1,2.0,20.302838468037397,,
lgbm,0.07,9,800.0,0.05,2.0,20.302838468146483,,
lgbm,0.07,9,800.0,0.2,2.0,20.302838468176127,,
lgbm,0.05,9,800.0,0.1,0.5,20.30287260450773,,
lgbm,0.05,9,800.0,0.2,0.5,20.302872604508053,,
lgbm,0.05,9,800.0,0.15,0.5,20.302872604559152,,
lgbm,0.05,9,800.0,0.05,0.5,20.302872604572446,,
lgbm,0.03,9,1000.0,0.15,1.0,20.304793005100443,,
lgbm,0.03,9,1000.0,0.2,1.0,20.30479300513224,,
lgbm,0.03,9,1000.0,0.1,1.0,20.30479300517135,,
lgbm,0.03,9,1000.0,0.05,1.0,20.304793005184614,,
lgbm,0.06,9,1500.0,0.05,0.5,20.30564868820359,,
lgbm,0.06,9,1500.0,0.2,0.5,20.305648688246148,,
lgbm,0.06,9,1500.0,0.1,0.5,20.305648688251495,,
lgbm,0.06,9,1500.0,0.15,0.5,20.305648688370823,,
lgbm,0.05,10,1500.0,0.2,1.0,20.307890868305385,,
lgbm,0.05,10,1500.0,0.15,1.0,20.30789086831302,,
lgbm,0.05,10,1500.0,0.05,1.0,20.30789086831655,,
lgbm,0.05,10,1500.0,0.1,1.0,20.30789086837008,,
catboost,0.07,9,,,,20.309308608596815,,1500.0
catboost,0.07,9,,,,20.309308608596815,,1800.0
catboost,0.07,9,,,,20.309308608596815,,1200.0
catboost,0.07,9,,,,20.309308608596815,,1000.0
lgbm,0.05,7,1200.0,0.05,2.0,20.309582128927413,,
lgbm,0.05,7,1200.0,0.2,2.0,20.309582128936604,,
lgbm,0.05,7,1200.0,0.1,2.0,20.309582128946946,,
lgbm,0.05,7,1200.0,0.15,2.0,20.309582128956748,,
lgbm,0.04,7,1200.0,0.15,2.0,20.310337011323377,,
lgbm,0.04,7,1200.0,0.1,2.0,20.31033701135,,
lgbm,0.04,7,1200.0,0.2,2.0,20.310337011355788,,
lgbm,0.04,7,1200.0,0.05,2.0,20.310337011357184,,
lgbm,0.06,10,1000.0,0.1,0.5,20.312152515767544,,
lgbm,0.06,10,1000.0,0.2,0.5,20.312152515819783,,
lgbm,0.06,10,1000.0,0.15,0.5,20.31215251590143,,
lgbm,0.06,10,1000.0,0.05,0.5,20.312152515903342,,
lgbm,0.05,10,1200.0,0.2,2.0,20.316674518482372,,
lgbm,0.05,10,1200.0,0.15,2.0,20.316674518491215,,
lgbm,0.05,10,1200.0,0.05,2.0,20.316674518492658,,
lgbm,0.05,10,1200.0,0.1,2.0,20.31667451849922,,
lgbm,0.05,8,1000.0,0.15,2.0,20.31752121339918,,
lgbm,0.05,8,1000.0,0.2,2.0,20.3175212134228,,
lgbm,0.05,8,1000.0,0.1,2.0,20.317521213445463,,
lgbm,0.05,8,1000.0,0.05,2.0,20.317521213446167,,
lgbm,0.06,7,1200.0,0.1,0.5,20.318222864505252,,
lgbm,0.06,7,1200.0,0.05,0.5,20.318222864519907,,
lgbm,0.06,7,1200.0,0.2,0.5,20.318222864572448,,
lgbm,0.06,7,1200.0,0.15,0.5,20.318222864679004,,
lgbm,0.07,6,1500.0,0.2,2.0,20.318235576995843,,
lgbm,0.07,6,1500.0,0.15,2.0,20.318235577156525,,
lgbm,0.07,6,1500.0,0.05,2.0,20.3182355771699,,
lgbm,0.07,6,1500.0,0.1,2.0,20.31823557722486,,
lgbm,0.03,8,1200.0,0.2,2.0,20.31929937750767,,
lgbm,0.03,8,1200.0,0.05,2.0,20.319299377508926,,
lgbm,0.03,8,1200.0,0.1,2.0,20.319299377525866,,
lgbm,0.03,8,1200.0,0.15,2.0,20.31929937755183,,
lgbm,0.04,7,1500.0,0.15,2.0,20.319407918599172,,
lgbm,0.04,7,1500.0,0.1,2.0,20.31940791864543,,
lgbm,0.04,7,1500.0,0.2,2.0,20.31940791864781,,
lgbm,0.04,7,1500.0,0.05,2.0,20.319407918664805,,
catboost,0.03,8,,,,20.321561335265965,,1200.0
lgbm,0.06,10,1200.0,0.2,0.5,20.321912889232618,,
lgbm,0.06,10,1200.0,0.1,0.5,20.321912889248335,,
lgbm,0.06,10,1200.0,0.05,0.5,20.321912889358877,,
lgbm,0.06,10,1200.0,0.15,0.5,20.32191288936381,,
lgbm,0.04,7,1000.0,0.05,2.0,20.322719749401287,,
lgbm,0.04,7,1000.0,0.2,2.0,20.322719749407295,,
lgbm,0.04,7,1000.0,0.1,2.0,20.32271974942242,,
lgbm,0.04,7,1000.0,0.15,2.0,20.32271974942259,,
catboost,0.03,9,,,,20.32347817858061,,1000.0
lgbm,0.04,10,800.0,0.2,2.0,20.32993385367321,,
lgbm,0.04,10,800.0,0.15,2.0,20.329933853673996,,
lgbm,0.04,10,800.0,0.1,2.0,20.3299338536756,,
lgbm,0.04,10,800.0,0.05,2.0,20.329933853687113,,
lgbm,0.03,10,1200.0,0.15,2.0,20.330348069725574,,
lgbm,0.03,10,1200.0,0.2,2.0,20.330348069725666,,
lgbm,0.03,10,1200.0,0.1,2.0,20.33034806972581,,
lgbm,0.03,10,1200.0,0.05,2.0,20.33034806973391,,
lgbm,0.06,7,1000.0,0.05,0.5,20.331299195774626,,
lgbm,0.06,7,1000.0,0.2,0.5,20.331299195780705,,
lgbm,0.06,7,1000.0,0.1,0.5,20.33129919578169,,
lgbm,0.06,7,1000.0,0.15,0.5,20.33129919586668,,
lgbm,0.05,7,1500.0,0.15,0.5,20.336376897348053,,
lgbm,0.05,7,1500.0,0.1,0.5,20.33637689739186,,
lgbm,0.05,7,1500.0,0.05,0.5,20.33637689740066,,
lgbm,0.05,7,1500.0,0.2,0.5,20.33637689749733,,
lgbm,0.05,10,1200.0,0.2,0.5,20.337446110883704,,
lgbm,0.05,10,1200.0,0.05,0.5,20.3374461108918,,
lgbm,0.05,10,1200.0,0.1,0.5,20.337446110941197,,
lgbm,0.05,10,1200.0,0.15,0.5,20.33744611100502,,
lgbm,0.07,8,800.0,0.2,1.0,20.339641563983253,,
lgbm,0.07,8,800.0,0.15,1.0,20.33964156402242,,
lgbm,0.07,8,800.0,0.1,1.0,20.339641564123152,,
lgbm,0.07,8,800.0,0.05,1.0,20.339641564144664,,
lgbm,0.06,10,800.0,0.2,0.5,20.34090533995549,,
lgbm,0.06,10,800.0,0.1,0.5,20.340905339999022,,
lgbm,0.06,10,800.0,0.05,0.5,20.34090534009828,,
lgbm,0.06,10,800.0,0.15,0.5,20.340905340112506,,
lgbm,0.07,9,800.0,0.1,0.5,20.3439824537985,,
lgbm,0.07,9,800.0,0.15,0.5,20.34398245384166,,
lgbm,0.07,9,800.0,0.2,0.5,20.343982453858,,
lgbm,0.07,9,800.0,0.05,0.5,20.34398245389059,,
lgbm,0.07,9,1000.0,0.15,2.0,20.34543190469094,,
lgbm,0.07,9,1000.0,0.1,2.0,20.34543190469699,,
lgbm,0.07,9,1000.0,0.2,2.0,20.34543190471468,,
lgbm,0.07,9,1000.0,0.05,2.0,20.345431904747223,,
lgbm,0.05,10,1500.0,0.2,2.0,20.345505416167793,,
lgbm,0.05,10,1500.0,0.15,2.0,20.345505416196776,,
lgbm,0.05,10,1500.0,0.1,2.0,20.345505416210337,,
lgbm,0.05,10,1500.0,0.05,2.0,20.345505416258707,,
lgbm,0.04,9,1500.0,0.15,2.0,20.345839982022984,,
lgbm,0.04,9,1500.0,0.05,2.0,20.345839982033148,,
lgbm,0.04,9,1500.0,0.1,2.0,20.345839982056617,,
lgbm,0.04,9,1500.0,0.2,2.0,20.345839982093747,,
lgbm,0.05,10,1200.0,0.15,1.0,20.348426157643612,,
lgbm,0.05,10,1200.0,0.05,1.0,20.34842615765941,,
lgbm,0.05,10,1200.0,0.2,1.0,20.348426157692625,,
lgbm,0.05,10,1200.0,0.1,1.0,20.348426157694103,,
lgbm,0.04,9,800.0,0.1,1.0,20.348695685097574,,
lgbm,0.04,9,800.0,0.2,1.0,20.34869568510735,,
lgbm,0.04,9,800.0,0.05,1.0,20.348695685115114,,
lgbm,0.04,9,800.0,0.15,1.0,20.348695685123328,,
lgbm,0.06,9,1500.0,0.2,1.0,20.349981007926328,,
lgbm,0.06,9,1500.0,0.15,1.0,20.349981008048125,,
lgbm,0.06,9,1500.0,0.05,1.0,20.349981008097505,,
lgbm,0.06,9,1500.0,0.1,1.0,20.349981008131188,,
lgbm,0.05,6,1500.0,0.05,0.5,20.350266349725278,,
lgbm,0.05,6,1500.0,0.2,0.5,20.350266349727324,,
lgbm,0.05,6,1500.0,0.15,0.5,20.350266349735794,,
lgbm,0.05,6,1500.0,0.1,0.5,20.350266349827557,,
lgbm,0.06,9,800.0,0.2,0.5,20.350538965213207,,
lgbm,0.06,9,800.0,0.1,0.5,20.350538965219187,,
lgbm,0.06,9,800.0,0.15,0.5,20.35053896528382,,
lgbm,0.06,9,800.0,0.05,0.5,20.350538965300714,,
lgbm,0.04,9,1000.0,0.05,2.0,20.351843394519136,,
lgbm,0.04,9,1000.0,0.15,2.0,20.351843394540666,,
lgbm,0.04,9,1000.0,0.1,2.0,20.351843394541973,,
lgbm,0.04,9,1000.0,0.2,2.0,20.351843394557765,,
lgbm,0.03,8,1000.0,0.05,1.0,20.353513311070685,,
lgbm,0.03,8,1000.0,0.15,1.0,20.35351331107986,,
lgbm,0.03,8,1000.0,0.2,1.0,20.353513311088278,,
lgbm,0.03,8,1000.0,0.1,1.0,20.353513311103548,,
lgbm,0.06,10,1000.0,0.1,1.0,20.355139572499226,,
lgbm,0.06,10,1000.0,0.2,1.0,20.3551395725145,,
lgbm,0.06,10,1000.0,0.15,1.0,20.35513957251697,,
lgbm,0.06,10,1000.0,0.05,1.0,20.355139572555142,,
lgbm,0.05,7,800.0,0.05,0.5,20.35585440389491,,
lgbm,0.05,7,800.0,0.15,0.5,20.355854403901542,,
lgbm,0.05,7,800.0,0.2,0.5,20.355854403915057,,
lgbm,0.05,7,800.0,0.1,0.5,20.3558544039214,,
lgbm,0.06,10,1500.0,0.1,1.0,20.356600239240613,,
lgbm,0.06,10,1500.0,0.2,1.0,20.35660023927031,,
lgbm,0.06,10,1500.0,0.05,1.0,20.3566002392873,,
lgbm,0.06,10,1500.0,0.15,1.0,20.356600239328046,,
lgbm,0.07,10,800.0,0.05,1.0,20.3578632305754,,
lgbm,0.07,10,800.0,0.2,1.0,20.357863230608604,,
lgbm,0.07,10,800.0,0.15,1.0,20.357863230643844,,
lgbm,0.07,10,800.0,0.1,1.0,20.35786323067648,,
lgbm,0.04,7,1500.0,0.15,1.0,20.35888229224998,,
lgbm,0.04,7,1500.0,0.1,1.0,20.35888229229942,,
lgbm,0.04,7,1500.0,0.05,1.0,20.358882292322438,,
lgbm,0.04,7,1500.0,0.2,1.0,20.358882292324928,,
lgbm,0.05,9,1000.0,0.15,1.0,20.36014302939464,,
lgbm,0.05,9,1000.0,0.05,1.0,20.36014302939964,,
lgbm,0.05,9,1000.0,0.1,1.0,20.360143029399826,,
lgbm,0.05,9,1000.0,0.2,1.0,20.36014302941279,,
lgbm,0.03,9,1500.0,0.15,0.5,20.360307825979003,,
lgbm,0.03,9,1500.0,0.2,0.5,20.360307825993733,,
lgbm,0.03,9,1500.0,0.1,0.5,20.360307826030493,,
lgbm,0.03,9,1500.0,0.05,0.5,20.360307826063305,,
lgbm,0.07,8,1000.0,0.15,1.0,20.360630678538666,,
lgbm,0.07,8,1000.0,0.2,1.0,20.360630678550752,,
lgbm,0.07,8,1000.0,0.05,1.0,20.360630678684025,,
lgbm,0.07,8,1000.0,0.1,1.0,20.36063067872188,,
lgbm,0.07,9,1000.0,0.1,0.5,20.36091717742632,,
lgbm,0.07,9,1000.0,0.2,0.5,20.360917177492617,,
lgbm,0.07,9,1000.0,0.05,0.5,20.360917177566527,,
lgbm,0.07,9,1000.0,0.15,0.5,20.36091717758309,,
lgbm,0.06,10,1200.0,0.1,1.0,20.36101205086485,,
lgbm,0.06,10,1200.0,0.2,1.0,20.36101205089773,,
lgbm,0.06,10,1200.0,0.15,1.0,20.36101205095855,,
lgbm,0.06,10,1200.0,0.05,1.0,20.36101205096921,,
lgbm,0.07,8,1200.0,0.05,2.0,20.362363505721408,,
lgbm,0.07,8,1200.0,0.1,2.0,20.362363505843952,,
lgbm,0.07,8,1200.0,0.15,2.0,20.362363506014997,,
lgbm,0.07,8,1200.0,0.2,2.0,20.36236350602335,,
lgbm,0.06,10,800.0,0.05,2.0,20.362645990197343,,
lgbm,0.06,10,800.0,0.15,2.0,20.36264599020646,,
lgbm,0.06,10,800.0,0.1,2.0,20.36264599021628,,
lgbm,0.06,10,800.0,0.2,2.0,20.36264599023589,,
lgbm,0.05,9,800.0,0.2,2.0,20.363228888649115,,
lgbm,0.05,9,800.0,0.15,2.0,20.363228888655613,,
lgbm,0.05,9,800.0,0.1,2.0,20.36322888867534,,
lgbm,0.05,9,800.0,0.05,2.0,20.363228888711888,,
lgbm,0.05,9,1200.0,0.15,1.0,20.363640340497923,,
lgbm,0.05,9,1200.0,0.05,1.0,20.36364034052374,,
lgbm,0.05,9,1200.0,0.1,1.0,20.363640340526885,,
lgbm,0.05,9,1200.0,0.2,1.0,20.363640340539007,,
lgbm,0.05,8,800.0,0.05,0.5,20.364286011477915,,
lgbm,0.05,8,800.0,0.15,0.5,20.364286011483514,,
lgbm,0.05,8,800.0,0.1,0.5,20.364286011492876,,
lgbm,0.05,8,800.0,0.2,0.5,20.36428601153229,,
lgbm,0.05,10,1000.0,0.1,0.5,20.364849849965818,,
lgbm,0.05,10,1000.0,0.2,0.5,20.364849849984044,,
lgbm,0.05,10,1000.0,0.05,0.5,20.36484985004437,,
lgbm,0.05,10,1000.0,0.15,0.5,20.364849850047676,,
lgbm,0.04,8,1000.0,0.2,0.5,20.365000481505692,,
lgbm,0.04,8,1000.0,0.1,0.5,20.36500048150699,,
lgbm,0.04,8,1000.0,0.15,0.5,20.36500048152943,,
lgbm,0.04,8,1000.0,0.05,0.5,20.365000481578136,,
lgbm,0.07,8,1000.0,0.05,2.0,20.365846506415853,,
lgbm,0.07,8,1000.0,0.1,2.0,20.36584650648758,,
lgbm,0.07,8,1000.0,0.15,2.0,20.36584650658013,,
lgbm,0.07,8,1000.0,0.2,2.0,20.365846506644218,,
lgbm,0.06,10,1500.0,0.2,0.5,20.367343698428144,,
lgbm,0.06,10,1500.0,0.1,0.5,20.36734369851621,,
lgbm,0.06,10,1500.0,0.15,0.5,20.367343698601417,,
lgbm,0.06,10,1500.0,0.05,0.5,20.36734369861017,,
lgbm,0.06,7,1000.0,0.1,1.0,20.367852030114953,,
lgbm,0.06,7,1000.0,0.05,1.0,20.367852030133964,,
lgbm,0.06,7,1000.0,0.2,1.0,20.36785203016764,,
lgbm,0.06,7,1000.0,0.15,1.0,20.367852030225052,,
lgbm,0.05,10,1000.0,0.2,2.0,20.369920331346005,,
lgbm,0.05,10,1000.0,0.05,2.0,20.36992033135493,,
lgbm,0.05,10,1000.0,0.1,2.0,20.369920331355118,,
lgbm,0.05,10,1000.0,0.15,2.0,20.36992033141295,,
lgbm,0.05,9,1500.0,0.15,1.0,20.37016323088831,,
lgbm,0.05,9,1500.0,0.1,1.0,20.370163230943046,,
lgbm,0.05,9,1500.0,0.05,1.0,20.370163230955583,,
lgbm,0.05,9,1500.0,0.2,1.0,20.37016323096217,,
lgbm,0.06,7,1500.0,0.1,2.0,20.370282448799433,,
lgbm,0.06,7,1500.0,0.2,2.0,20.370282448926808,,
lgbm,0.06,7,1500.0,0.15,2.0,20.370282448950146,,
lgbm,0.06,7,1500.0,0.05,2.0,20.37028244895619,,
lgbm,0.04,8,1200.0,0.15,0.5,20.370918210550272,,
lgbm,0.04,8,1200.0,0.1,0.5,20.370918210601435,,
lgbm,0.04,8,1200.0,0.2,0.5,20.370918210640575,,
lgbm,0.04,8,1200.0,0.05,0.5,20.370918210650366,,
lgbm,0.06,7,800.0,0.1,0.5,20.371903752949695,,
lgbm,0.06,7,800.0,0.05,0.5,20.37190375296269,,
lgbm,0.06,7,800.0,0.15,0.5,20.371903752987954,,
lgbm,0.06,7,800.0,0.2,0.5,20.37190375299816,,
lgbm,0.05,10,800.0,0.1,1.0,20.372673924724985,,
lgbm,0.05,10,800.0,0.05,1.0,20.372673924734823,,
lgbm,0.05,10,800.0,0.15,1.0,20.372673924762996,,
lgbm,0.05,10,800.0,0.2,1.0,20.372673924779974,,
lgbm,0.03,10,1500.0,0.1,0.5,20.372774843676808,,
lgbm,0.03,10,1500.0,0.2,0.5,20.37277484367738,,
lgbm,0.03,10,1500.0,0.05,0.5,20.372774843680705,,
lgbm,0.03,10,1500.0,0.15,0.5,20.37277484368717,,
lgbm,0.05,8,1000.0,0.1,0.5,20.373569089563926,,
lgbm,0.05,8,1000.0,0.05,0.5,20.37356908957323,,
lgbm,0.05,8,1000.0,0.15,0.5,20.37356908959009,,
lgbm,0.05,8,1000.0,0.2,0.5,20.37356908959022,,
lgbm,0.04,8,1500.0,0.15,0.5,20.373962669184593,,
lgbm,0.04,8,1500.0,0.1,0.5,20.373962669210773,,
lgbm,0.04,8,1500.0,0.2,0.5,20.373962669225083,,
lgbm,0.04,8,1500.0,0.05,0.5,20.37396266931117,,
lgbm,0.04,7,1500.0,0.05,0.5,20.375679882882075,,
lgbm,0.04,7,1500.0,0.15,0.5,20.37567988291511,,
lgbm,0.04,7,1500.0,0.1,0.5,20.375679882924537,,
lgbm,0.04,7,1500.0,0.2,0.5,20.375679882994387,,
lgbm,0.05,7,1000.0,0.05,2.0,20.37569658508258,,
lgbm,0.05,7,1000.0,0.1,2.0,20.375696585174435,,
lgbm,0.05,7,1000.0,0.2,2.0,20.375696585205453,,
lgbm,0.05,7,1000.0,0.15,2.0,20.37569658521804,,
lgbm,0.04,7,800.0,0.05,2.0,20.376291183871103,,
lgbm,0.04,7,800.0,0.15,2.0,20.376291183875715,,
lgbm,0.04,7,800.0,0.2,2.0,20.376291183876976,,
lgbm,0.04,7,800.0,0.1,2.0,20.376291183878095,,
lgbm,0.06,7,1500.0,0.1,0.5,20.37650275968463,,
lgbm,0.06,7,1500.0,0.05,0.5,20.37650275969141,,
lgbm,0.06,7,1500.0,0.2,0.5,20.37650275976889,,
lgbm,0.06,7,1500.0,0.15,0.5,20.37650275986423,,
lgbm,0.05,8,800.0,0.15,2.0,20.376786676391173,,
lgbm,0.05,8,800.0,0.1,2.0,20.376786676434968,,
lgbm,0.05,8,800.0,0.05,2.0,20.376786676437344,,
lgbm,0.05,8,800.0,0.2,2.0,20.376786676445118,,
lgbm,0.03,10,1200.0,0.05,0.5,20.382174662717215,,
lgbm,0.03,10,1200.0,0.2,0.5,20.38217466272953,,
lgbm,0.03,10,1200.0,0.15,0.5,20.382174662747367,,
lgbm,0.03,10,1200.0,0.1,0.5,20.382174662751503,,
lgbm,0.05,8,1500.0,0.15,0.5,20.383021305229242,,
lgbm,0.05,8,1500.0,0.2,0.5,20.383021305232727,,
lgbm,0.05,8,1500.0,0.1,0.5,20.383021305257003,,
lgbm,0.05,8,1500.0,0.05,0.5,20.383021305283012,,
lgbm,0.06,7,1500.0,0.05,1.0,20.383254156527187,,
lgbm,0.06,7,1500.0,0.1,1.0,20.38325415660486,,
lgbm,0.06,7,1500.0,0.15,1.0,20.383254156648192,,
lgbm,0.06,7,1500.0,0.2,1.0,20.38325415664997,,
lgbm,0.04,7,1000.0,0.05,0.5,20.38351516608454,,
lgbm,0.04,7,1000.0,0.1,0.5,20.38351516610669,,
lgbm,0.04,7,1000.0,0.2,0.5,20.383515166123154,,
lgbm,0.04,7,1000.0,0.15,0.5,20.38351516613895,,
lgbm,0.03,9,1500.0,0.1,2.0,20.384345073919008,,
lgbm,0.03,9,1500.0,0.2,2.0,20.38434507393484,,
lgbm,0.03,9,1500.0,0.15,2.0,20.384345073935364,,
lgbm,0.03,9,1500.0,0.05,2.0,20.3843450739403,,
lgbm,0.05,10,1000.0,0.1,1.0,20.38441717573444,,
lgbm,0.05,10,1000.0,0.15,1.0,20.3844171757373,,
lgbm,0.05,10,1000.0,0.2,1.0,20.384417175794834,,
lgbm,0.05,10,1000.0,0.05,1.0,20.38441717579568,,
lgbm,0.04,9,1200.0,0.05,2.0,20.384832632646578,,
lgbm,0.04,9,1200.0,0.15,2.0,20.384832632680688,,
lgbm,0.04,9,1200.0,0.1,2.0,20.38483263268151,,
lgbm,0.04,9,1200.0,0.2,2.0,20.38483263269307,,
lgbm,0.05,8,1200.0,0.1,0.5,20.385157985406433,,
lgbm,0.05,8,1200.0,0.05,0.5,20.38515798542873,,
lgbm,0.05,8,1200.0,0.15,0.5,20.38515798542977,,
lgbm,0.05,8,1200.0,0.2,0.5,20.385157985461753,,
lgbm,0.04,7,1200.0,0.05,0.5,20.385763739989837,,
lgbm,0.04,7,1200.0,0.15,0.5,20.38576374000009,,
lgbm,0.04,7,1200.0,0.1,0.5,20.38576374001427,,
lgbm,0.04,7,1200.0,0.2,0.5,20.385763740035536,,
xgb,0.02,6,1000.0,,,20.386705876584344,0.9,
lgbm,0.03,6,1500.0,0.05,2.0,20.38705012394534,,
lgbm,0.03,6,1500.0,0.2,2.0,20.38705012394586,,
lgbm,0.03,6,1500.0,0.15,2.0,20.38705012395297,,
lgbm,0.03,6,1500.0,0.1,2.0,20.38705012399085,,
lgbm,0.05,6,1200.0,0.2,0.5,20.387591464571834,,
lgbm,0.05,6,1200.0,0.15,0.5,20.387591464588752,,
lgbm,0.05,6,1200.0,0.05,0.5,20.387591464600384,,
lgbm,0.05,6,1200.0,0.1,0.5,20.387591464650377,,
lgbm,0.07,7,1000.0,0.15,1.0,20.38823811858693,,
lgbm,0.07,7,1000.0,0.05,1.0,20.388238118646594,,
lgbm,0.07,7,1000.0,0.1,1.0,20.388238118681777,,
lgbm,0.07,7,1000.0,0.2,1.0,20.388238118766274,,
lgbm,0.04,9,1500.0,0.2,0.5,20.38968277041249,,
lgbm,0.04,9,1500.0,0.15,0.5,20.389682770418545,,
lgbm,0.04,9,1500.0,0.1,0.5,20.389682770443795,,
lgbm,0.04,9,1500.0,0.05,0.5,20.38968277045784,,
lgbm,0.07,9,1200.0,0.1,0.5,20.38970216369754,,
lgbm,0.07,9,1200.0,0.15,0.5,20.389702163762333,,
lgbm,0.07,9,1200.0,0.2,0.5,20.38970216377786,,
lgbm,0.07,9,1200.0,0.05,0.5,20.38970216392494,,
lgbm,0.06,10,800.0,0.2,1.0,20.390268888855765,,
lgbm,0.06,10,800.0,0.15,1.0,20.390268888882883,,
lgbm,0.06,10,800.0,0.1,1.0,20.390268888884254,,
lgbm,0.06,10,800.0,0.05,1.0,20.390268888940778,,
lgbm,0.07,8,1500.0,0.05,2.0,20.39112355859062,,
lgbm,0.07,8,1500.0,0.1,2.0,20.391123558618894,,
lgbm,0.07,8,1500.0,0.2,2.0,20.391123558735064,,
lgbm,0.07,8,1500.0,0.15,2.0,20.391123558756043,,
lgbm,0.07,7,1200.0,0.15,1.0,20.39240085745836,,
lgbm,0.07,7,1200.0,0.05,1.0,20.392400857501684,,
lgbm,0.07,7,1200.0,0.1,1.0,20.392400857563345,,
lgbm,0.07,7,1200.0,0.2,1.0,20.39240085761885,,
lgbm,0.04,7,1200.0,0.1,1.0,20.393461235545026,,
lgbm,0.04,7,1200.0,0.15,1.0,20.393461235551268,,
lgbm,0.04,7,1200.0,0.05,1.0,20.393461235556366,,
lgbm,0.04,7,1200.0,0.2,1.0,20.393461235607106,,
lgbm,0.07,10,1000.0,0.05,1.0,20.39356287151376,,
lgbm,0.07,10,1000.0,0.2,1.0,20.39356287154122,,
lgbm,0.07,10,1000.0,0.1,1.0,20.393562871613465,,
lgbm,0.07,10,1000.0,0.15,1.0,20.393562871628834,,
lgbm,0.03,8,1500.0,0.15,0.5,20.394178039349754,,
lgbm,0.03,8,1500.0,0.2,0.5,20.394178039387363,,
lgbm,0.03,8,1500.0,0.05,0.5,20.39417803940147,,
lgbm,0.03,8,1500.0,0.1,0.5,20.39417803941472,,
lgbm,0.03,9,1000.0,0.1,2.0,20.39504752001917,,
lgbm,0.03,9,1000.0,0.05,2.0,20.395047520032914,,
lgbm,0.03,9,1000.0,0.2,2.0,20.395047520035142,,
lgbm,0.03,9,1000.0,0.15,2.0,20.395047520043917,,
lgbm,0.05,10,800.0,0.2,0.5,20.395132497636467,,
lgbm,0.05,10,800.0,0.1,0.5,20.395132497646483,,
lgbm,0.05,10,800.0,0.15,0.5,20.395132497679004,,
lgbm,0.05,10,800.0,0.05,0.5,20.395132497707305,,
lgbm,0.07,6,1200.0,0.05,1.0,20.395654744538888,,
lgbm,0.07,6,1200.0,0.2,1.0,20.3956547448222,,
lgbm,0.07,6,1200.0,0.15,1.0,20.395654744823435,,
lgbm,0.07,6,1200.0,0.1,1.0,20.395654744858014,,
catboost,0.04,7,,,,20.397016899757496,,1000.0
lgbm,0.04,8,800.0,0.05,2.0,20.39707428000436,,
lgbm,0.04,8,800.0,0.15,2.0,20.39707428005186,,
lgbm,0.04,8,800.0,0.2,2.0,20.39707428005737,,
lgbm,0.04,8,800.0,0.1,2.0,20.397074280063134,,
lgbm,0.03,9,1200.0,0.1,2.0,20.39767184385653,,
lgbm,0.03,9,1200.0,0.2,2.0,20.39767184386302,,
lgbm,0.03,9,1200.0,0.05,2.0,20.39767184386319,,
lgbm,0.03,9,1200.0,0.15,2.0,20.39767184387365,,
catboost,0.03,7,,,,20.39775104909868,,1200.0
lgbm,0.06,9,1200.0,0.2,1.0,20.39891319522857,,
lgbm,0.06,9,1200.0,0.15,1.0,20.398913195301414,,
lgbm,0.06,9,1200.0,0.1,1.0,20.39891319536671,,
lgbm,0.06,9,1200.0,0.05,1.0,20.398913195372177,,
lgbm,0.05,6,1000.0,0.15,0.5,20.398916808335134,,
lgbm,0.05,6,1000.0,0.05,0.5,20.398916808336658,,
lgbm,0.05,6,1000.0,0.2,0.5,20.398916808345337,,
lgbm,0.05,6,1000.0,0.1,0.5,20.398916808346986,,
lgbm,0.04,9,800.0,0.15,2.0,20.399513932111333,,
lgbm,0.04,9,800.0,0.1,2.0,20.399513932119692,,
lgbm,0.04,9,800.0,0.05,2.0,20.399513932127,,
lgbm,0.04,9,800.0,0.2,2.0,20.39951393214501,,
lgbm,0.06,7,1200.0,0.1,1.0,20.401287216489848,,
lgbm,0.06,7,1200.0,0.05,1.0,20.40128721651859,,
lgbm,0.06,7,1200.0,0.2,1.0,20.401287216588297,,
lgbm,0.06,7,1200.0,0.15,1.0,20.401287216619757,,
lgbm,0.04,8,1000.0,0.05,2.0,20.401289799018027,,
lgbm,0.04,8,1000.0,0.15,2.0,20.40128979906223,,
lgbm,0.04,8,1000.0,0.1,2.0,20.401289799084594,,
lgbm,0.04,8,1000.0,0.2,2.0,20.401289799086996,,
lgbm,0.07,9,1200.0,0.15,2.0,20.402894521639016,,
lgbm,0.07,9,1200.0,0.1,2.0,20.4028945216431,,
lgbm,0.07,9,1200.0,0.2,2.0,20.40289452168208,,
lgbm,0.07,9,1200.0,0.05,2.0,20.402894521704866,,
lgbm,0.07,6,800.0,0.05,1.0,20.406019619715607,,
lgbm,0.07,6,800.0,0.2,1.0,20.40601961980203,,
lgbm,0.07,6,800.0,0.1,1.0,20.40601961982251,,
lgbm,0.07,6,800.0,0.15,1.0,20.406019619856465,,
lgbm,0.05,7,800.0,0.05,2.0,20.409124175039832,,
lgbm,0.05,7,800.0,0.15,2.0,20.409124175055,,
lgbm,0.05,7,800.0,0.1,2.0,20.409124175091875,,
lgbm,0.05,7,800.0,0.2,2.0,20.409124175095062,,
lgbm,0.07,8,1500.0,0.2,1.0,20.40977403631296,,
lgbm,0.07,8,1500.0,0.15,1.0,20.409774036657335,,
lgbm,0.07,8,1500.0,0.05,1.0,20.40977403666167,,
lgbm,0.07,8,1500.0,0.1,1.0,20.40977403674179,,
lgbm,0.05,10,800.0,0.1,2.0,20.41049987064901,,
lgbm,0.05,10,800.0,0.2,2.0,20.410499870704975,,
lgbm,0.05,10,800.0,0.15,2.0,20.41049987072718,,
lgbm,0.05,10,800.0,0.05,2.0,20.41049987073751,,
lgbm,0.07,7,800.0,0.15,1.0,20.410650630174743,,
lgbm,0.07,7,800.0,0.05,1.0,20.4106506302203,,
lgbm,0.07,7,800.0,0.1,1.0,20.410650630267085,,
lgbm,0.07,7,800.0,0.2,1.0,20.410650630337347,,
lgbm,0.03,10,1000.0,0.05,2.0,20.41134006193314,,
lgbm,0.03,10,1000.0,0.15,2.0,20.41134006194086,,
lgbm,0.03,10,1000.0,0.1,2.0,20.411340061953343,,
lgbm,0.03,10,1000.0,0.2,2.0,20.411340061959287,,
lgbm,0.06,7,800.0,0.05,1.0,20.411564988036115,,
lgbm,0.06,7,800.0,0.1,1.0,20.411564988064526,,
lgbm,0.06,7,800.0,0.2,1.0,20.411564988114726,,
lgbm,0.06,7,800.0,0.15,1.0,20.411564988116734,,
lgbm,0.07,9,1500.0,0.2,0.5,20.418191555188745,,
lgbm,0.07,9,1500.0,0.1,0.5,20.418191555233758,,
lgbm,0.07,9,1500.0,0.15,0.5,20.41819155532967,,
lgbm,0.07,9,1500.0,0.05,0.5,20.418191555350674,,
lgbm,0.06,7,1200.0,0.1,2.0,20.41947907783731,,
lgbm,0.06,7,1200.0,0.15,2.0,20.419479077929616,,
lgbm,0.06,7,1200.0,0.2,2.0,20.419479077930134,,
lgbm,0.06,7,1200.0,0.05,2.0,20.41947907795798,,
lgbm,0.03,9,1200.0,0.15,0.5,20.42068328146035,,
lgbm,0.03,9,1200.0,0.2,0.5,20.42068328148357,,
lgbm,0.03,9,1200.0,0.1,0.5,20.420683281497425,,
lgbm,0.03,9,1200.0,0.05,0.5,20.420683281530103,,
lgbm,0.07,8,1200.0,0.2,1.0,20.421561618660313,,
lgbm,0.07,8,1200.0,0.05,1.0,20.42156161886267,,
lgbm,0.07,8,1200.0,0.15,1.0,20.421561618872612,,
lgbm,0.07,8,1200.0,0.1,1.0,20.42156161897448,,
lgbm,0.07,7,1200.0,0.15,2.0,20.424745998963733,,
lgbm,0.07,7,1200.0,0.1,2.0,20.424745999000816,,
lgbm,0.07,7,1200.0,0.05,2.0,20.424745999038066,,
lgbm,0.07,7,1200.0,0.2,2.0,20.42474599904774,,
lgbm,0.07,7,1500.0,0.15,1.0,20.425984378027586,,
lgbm,0.07,7,1500.0,0.05,1.0,20.42598437805038,,
lgbm,0.07,7,1500.0,0.2,1.0,20.42598437810173,,
lgbm,0.07,7,1500.0,0.1,1.0,20.425984378113014,,
lgbm,0.03,8,1000.0,0.1,2.0,20.427688241439142,,
lgbm,0.03,8,1000.0,0.05,2.0,20.42768824144707,,
lgbm,0.03,8,1000.0,0.2,2.0,20.427688241457094,,
lgbm,0.03,8,1000.0,0.15,2.0,20.427688241459506,,
catboost,0.04,6,,,,20.42922604161788,,1200.0
lgbm,0.04,7,800.0,0.15,0.5,20.432988260106775,,
lgbm,0.04,7,800.0,0.1,0.5,20.432988260108704,,
lgbm,0.04,7,800.0,0.05,0.5,20.43298826012406,,
lgbm,0.04,7,800.0,0.2,0.5,20.432988260138277,,
lgbm,0.05,6,800.0,0.05,0.5,20.43428155174036,,
lgbm,0.05,6,800.0,0.1,0.5,20.43428155175911,,
lgbm,0.05,6,800.0,0.15,0.5,20.4342815517658,,
lgbm,0.05,6,800.0,0.2,0.5,20.434281551779655,,
lgbm,0.04,8,1500.0,0.1,1.0,20.434306554375574,,
lgbm,0.04,8,1500.0,0.05,1.0,20.434306554385977,,
lgbm,0.04,8,1500.0,0.2,1.0,20.4343065544484,,
lgbm,0.04,8,1500.0,0.15,1.0,20.434306554471068,,
lgbm,0.04,9,1000.0,0.2,0.5,20.434309598571943,,
lgbm,0.04,9,1000.0,0.15,0.5,20.434309598596347,,
lgbm,0.04,9,1000.0,0.05,0.5,20.434309598604045,,
lgbm,0.04,9,1000.0,0.1,0.5,20.43430959864732,,
lgbm,0.03,10,1500.0,0.05,1.0,20.435971362545306,,
lgbm,0.03,10,1500.0,0.1,1.0,20.43597136255145,,
lgbm,0.03,10,1500.0,0.15,1.0,20.435971362607177,,
lgbm,0.03,10,1500.0,0.2,1.0,20.43597136269682,,
catboost,0.05,6,,,,20.436486722344004,,1500.0
lgbm,0.07,6,1000.0,0.05,1.0,20.436654762986173,,
lgbm,0.07,6,1000.0,0.2,1.0,20.43665476306626,,
lgbm,0.07,6,1000.0,0.1,1.0,20.43665476317516,,
lgbm,0.07,6,1000.0,0.15,1.0,20.43665476322183,,
lgbm,0.03,10,1000.0,0.2,0.5,20.43679642120879,,
lgbm,0.03,10,1000.0,0.15,0.5,20.436796421212897,,
lgbm,0.03,10,1000.0,0.05,0.5,20.43679642121315,,
lgbm,0.03,10,1000.0,0.1,0.5,20.43679642122251,,
lgbm,0.03,6,1200.0,0.2,2.0,20.43692051776175,,
lgbm,0.03,6,1200.0,0.1,2.0,20.436920517774514,,
lgbm,0.03,6,1200.0,0.05,2.0,20.436920517776606,,
lgbm,0.03,6,1200.0,0.15,2.0,20.43692051778315,,
lgbm,0.03,8,1200.0,0.05,0.5,20.43726194209798,,
lgbm,0.03,8,1200.0,0.15,0.5,20.437261942135898,,
lgbm,0.03,8,1200.0,0.1,0.5,20.437261942137877,,
lgbm,0.03,8,1200.0,0.2,0.5,20.437261942144165,,
lgbm,0.06,9,1000.0,0.2,1.0,20.43768861289836,,
lgbm,0.06,9,1000.0,0.15,1.0,20.437688612937816,,
lgbm,0.06,9,1000.0,0.1,1.0,20.43768861296034,,
lgbm,0.06,9,1000.0,0.05,1.0,20.43768861300742,,
lgbm,0.07,10,1200.0,0.2,1.0,20.43993197882948,,
lgbm,0.07,10,1200.0,0.05,1.0,20.439931978855963,,
lgbm,0.07,10,1200.0,0.1,1.0,20.439931978895135,,
lgbm,0.07,10,1200.0,0.15,1.0,20.4399319790221,,
lgbm,0.07,8,800.0,0.05,2.0,20.4401900024539,,
lgbm,0.07,8,800.0,0.1,2.0,20.440190002521362,,
lgbm,0.07,8,800.0,0.15,2.0,20.440190002595113,,
lgbm,0.07,8,800.0,0.2,2.0,20.440190002676495,,
lgbm,0.07,7,1500.0,0.15,2.0,20.440645766059014,,
lgbm,0.07,7,1500.0,0.2,2.0,20.440645766155235,,
lgbm,0.07,7,1500.0,0.05,2.0,20.440645766201072,,
lgbm,0.07,7,1500.0,0.1,2.0,20.440645766207442,,
lgbm,0.04,9,1200.0,0.15,0.5,20.443663932543075,,
lgbm,0.04,9,1200.0,0.2,0.5,20.44366393254331,,
lgbm,0.04,9,1200.0,0.05,0.5,20.443663932548116,,
lgbm,0.04,9,1200.0,0.1,0.5,20.443663932575582,,
lgbm,0.04,8,800.0,0.1,0.5,20.44435883586838,,
lgbm,0.04,8,800.0,0.15,0.5,20.44435883587479,,
lgbm,0.04,8,800.0,0.2,0.5,20.444358835879875,,
lgbm,0.04,8,800.0,0.05,0.5,20.444358835893933,,
catboost,0.03,8,,,,20.44463974151527,,1000.0
lgbm,0.04,8,1000.0,0.05,1.0,20.445271875559452,,
lgbm,0.04,8,1000.0,0.1,1.0,20.445271875568537,,
lgbm,0.04,8,1000.0,0.2,1.0,20.445271875676738,,
lgbm,0.04,8,1000.0,0.15,1.0,20.44527187567743,,
lgbm,0.07,9,800.0,0.1,1.0,20.446661633249256,,
lgbm,0.07,9,800.0,0.15,1.0,20.446661633295726,,
lgbm,0.07,9,800.0,0.05,1.0,20.446661633310747,,
lgbm,0.07,9,800.0,0.2,1.0,20.446661633388537,,
lgbm,0.03,9,800.0,0.15,1.0,20.44890111902811,,
lgbm,0.03,9,800.0,0.2,1.0,20.448901119044837,,
lgbm,0.03,9,800.0,0.1,1.0,20.448901119077377,,
lgbm,0.03,9,800.0,0.05,1.0,20.448901119091754,,
lgbm,0.05,6,1200.0,0.2,1.0,20.448974894506843,,
lgbm,0.05,6,1200.0,0.1,1.0,20.448974894572984,,
lgbm,0.05,6,1200.0,0.15,1.0,20.44897489461239,,
lgbm,0.05,6,1200.0,0.05,1.0,20.44897489466582,,
lgbm,0.03,8,1000.0,0.05,0.5,20.450641899656663,,
lgbm,0.03,8,1000.0,0.15,0.5,20.45064189967032,,
lgbm,0.03,8,1000.0,0.2,0.5,20.450641899673226,,
lgbm,0.03,8,1000.0,0.1,0.5,20.450641899677642,,
catboost,0.03,6,,,,20.450728534480895,,1800.0
lgbm,0.06,7,1000.0,0.1,2.0,20.451088660942307,,
lgbm,0.06,7,1000.0,0.2,2.0,20.45108866097813,,
lgbm,0.06,7,1000.0,0.05,2.0,20.45108866098384,,
lgbm,0.06,7,1000.0,0.15,2.0,20.451088660992493,,
lgbm,0.03,8,800.0,0.05,1.0,20.451356318138078,,
lgbm,0.03,8,800.0,0.15,1.0,20.451356318141492,,
lgbm,0.03,8,800.0,0.2,1.0,20.451356318144878,,
lgbm,0.03,8,800.0,0.1,1.0,20.4513563181483,,
lgbm,0.03,10,1200.0,0.1,1.0,20.452665422287435,,
lgbm,0.03,10,1200.0,0.05,1.0,20.45266542230436,,
lgbm,0.03,10,1200.0,0.15,1.0,20.452665422306474,,
lgbm,0.03,10,1200.0,0.2,1.0,20.45266542236521,,
lgbm,0.07,7,1500.0,0.15,0.5,20.454692526667735,,
lgbm,0.07,7,1500.0,0.1,0.5,20.45469252677803,,
lgbm,0.07,7,1500.0,0.2,0.5,20.45469252692269,,
lgbm,0.07,7,1500.0,0.05,0.5,20.45469252696152,,
lgbm,0.04,8,1200.0,0.1,1.0,20.45472282105397,,
lgbm,0.04,8,1200.0,0.05,1.0,20.454722821055586,,
lgbm,0.04,8,1200.0,0.15,1.0,20.454722821123283,,
lgbm,0.04,8,1200.0,0.2,1.0,20.454722821155897,,
lgbm,0.04,6,1200.0,0.05,0.5,20.45985988517467,,
lgbm,0.04,6,1200.0,0.2,0.5,20.459859885177174,,
lgbm,0.04,6,1200.0,0.15,0.5,20.459859885187363,,
lgbm,0.04,6,1200.0,0.1,0.5,20.45985988523039,,
lgbm,0.07,7,1200.0,0.15,0.5,20.46081030989596,,
lgbm,0.07,7,1200.0,0.1,0.5,20.460810309956614,,
lgbm,0.07,7,1200.0,0.05,0.5,20.460810310020598,,
lgbm,0.07,7,1200.0,0.2,0.5,20.460810310101387,,
lgbm,0.07,9,1000.0,0.15,1.0,20.461730587103272,,
lgbm,0.07,9,1000.0,0.05,1.0,20.46173058715904,,
lgbm,0.07,9,1000.0,0.1,1.0,20.461730587207562,,
lgbm,0.07,9,1000.0,0.2,1.0,20.461730587253946,,
lgbm,0.04,7,1000.0,0.15,1.0,20.462656076588097,,
lgbm,0.04,7,1000.0,0.1,1.0,20.462656076624636,,
lgbm,0.04,7,1000.0,0.05,1.0,20.46265607665371,,
lgbm,0.04,7,1000.0,0.2,1.0,20.462656076698742,,
lgbm,0.05,6,1500.0,0.2,1.0,20.46385713625665,,
lgbm,0.05,6,1500.0,0.1,1.0,20.463857136407373,,
lgbm,0.05,6,1500.0,0.15,1.0,20.463857136426476,,
lgbm,0.05,6,1500.0,0.05,1.0,20.46385713651184,,
lgbm,0.06,7,800.0,0.15,2.0,20.46395695659401,,
lgbm,0.06,7,800.0,0.1,2.0,20.463956956604992,,
lgbm,0.06,7,800.0,0.2,2.0,20.46395695665288,,
lgbm,0.06,7,800.0,0.05,2.0,20.463956956658336,,
lgbm,0.04,6,1500.0,0.2,0.5,20.46467387948899,,
lgbm,0.04,6,1500.0,0.15,0.5,20.464673879501145,,
lgbm,0.04,6,1500.0,0.05,0.5,20.464673879505142,,
lgbm,0.04,6,1500.0,0.1,0.5,20.4646738796044,,
lgbm,0.05,6,1000.0,0.1,1.0,20.465047206760943,,
lgbm,0.05,6,1000.0,0.2,1.0,20.46504720679117,,
lgbm,0.05,6,1000.0,0.05,1.0,20.46504720683035,,
lgbm,0.05,6,1000.0,0.15,1.0,20.465047206870608,,
lgbm,0.05,9,800.0,0.05,1.0,20.465316784072765,,
lgbm,0.05,9,800.0,0.1,1.0,20.46531678407833,,
lgbm,0.05,9,800.0,0.15,1.0,20.465316784100605,,
lgbm,0.05,9,800.0,0.2,1.0,20.465316784134473,,
lgbm,0.03,7,1500.0,0.2,1.0,20.469270746085712,,
lgbm,0.03,7,1500.0,0.05,1.0,20.469270746111405,,
lgbm,0.03,7,1500.0,0.15,1.0,20.46927074611697,,
lgbm,0.03,7,1500.0,0.1,1.0,20.46927074612155,,
lgbm,0.07,8,1000.0,0.2,0.5,20.46948037025024,,
lgbm,0.07,8,1000.0,0.15,0.5,20.469480370273764,,
lgbm,0.07,8,1000.0,0.1,0.5,20.469480370332953,,
lgbm,0.07,8,1000.0,0.05,0.5,20.46948037049083,,
lgbm,0.07,10,1500.0,0.1,1.0,20.470030701830197,,
lgbm,0.07,10,1500.0,0.2,1.0,20.470030701850526,,
lgbm,0.07,10,1500.0,0.05,1.0,20.47003070186092,,
lgbm,0.07,10,1500.0,0.15,1.0,20.47003070191541,,
lgbm,0.07,9,1200.0,0.15,1.0,20.470382890317737,,
lgbm,0.07,9,1200.0,0.1,1.0,20.47038289038124,,
lgbm,0.07,9,1200.0,0.05,1.0,20.470382890394536,,
lgbm,0.07,9,1200.0,0.2,1.0,20.47038289047504,,
lgbm,0.07,6,1000.0,0.1,0.5,20.471617306836322,,
lgbm,0.07,6,1000.0,0.15,0.5,20.47161730688509,,
lgbm,0.07,6,1000.0,0.2,0.5,20.471617306904342,,
lgbm,0.07,6,1000.0,0.05,0.5,20.471617306957622,,
lgbm,0.04,10,1200.0,0.1,1.0,20.472722196107853,,
lgbm,0.04,10,1200.0,0.05,1.0,20.47272219611421,,
lgbm,0.04,10,1200.0,0.2,1.0,20.47272219616117,,
lgbm,0.04,10,1200.0,0.15,1.0,20.472722196167535,,
lgbm,0.03,9,1000.0,0.15,0.5,20.476216981871996,,
lgbm,0.03,9,1000.0,0.2,0.5,20.476216981880572,,
lgbm,0.03,9,1000.0,0.1,0.5,20.476216981888847,,
lgbm,0.03,9,1000.0,0.05,0.5,20.4762169819214,,
lgbm,0.04,10,1000.0,0.05,1.0,20.477305589348674,,
lgbm,0.04,10,1000.0,0.1,1.0,20.47730558935011,,
lgbm,0.04,10,1000.0,0.2,1.0,20.47730558942046,,
lgbm,0.04,10,1000.0,0.15,1.0,20.477305589423782,,
lgbm,0.07,6,1500.0,0.05,1.0,20.482494801249743,,
lgbm,0.07,6,1500.0,0.2,1.0,20.48249480149853,,
lgbm,0.07,6,1500.0,0.1,1.0,20.482494801602243,,
lgbm,0.07,6,1500.0,0.15,1.0,20.4824948016071,,
lgbm,0.03,6,1500.0,0.05,1.0,20.482532144880302,,
lgbm,0.03,6,1500.0,0.15,1.0,20.48253214488297,,
lgbm,0.03,6,1500.0,0.2,1.0,20.482532144894513,,
lgbm,0.03,6,1500.0,0.1,1.0,20.482532144935927,,
lgbm,0.04,10,1500.0,0.05,1.0,20.48268008635136,,
lgbm,0.04,10,1500.0,0.2,1.0,20.48268008638367,,
lgbm,0.04,10,1500.0,0.15,1.0,20.482680086389113,,
lgbm,0.04,10,1500.0,0.1,1.0,20.48268008639148,,
lgbm,0.06,9,800.0,0.2,1.0,20.48568393385935,,
lgbm,0.06,9,800.0,0.15,1.0,20.485683933891433,,
lgbm,0.06,9,800.0,0.05,1.0,20.48568393394016,,
lgbm,0.06,9,800.0,0.1,1.0,20.485683933958164,,
lgbm,0.04,6,1500.0,0.15,2.0,20.485988007399715,,
lgbm,0.04,6,1500.0,0.2,2.0,20.48598800744295,,
lgbm,0.04,6,1500.0,0.05,2.0,20.485988007482163,,
lgbm,0.04,6,1500.0,0.1,2.0,20.485988007534576,,
catboost,0.06,6,,,,20.486392252500394,,1800.0
catboost,0.06,6,,,,20.486392252500394,,1000.0
catboost,0.06,6,,,,20.486392252500394,,1200.0
catboost,0.06,6,,,,20.486392252500394,,1500.0
lgbm,0.07,7,1000.0,0.05,2.0,20.486890430062925,,
lgbm,0.07,7,1000.0,0.1,2.0,20.48689043010289,,
lgbm,0.07,7,1000.0,0.15,2.0,20.486890430129368,,
lgbm,0.07,7,1000.0,0.2,2.0,20.486890430150304,,
lgbm,0.07,9,1500.0,0.15,2.0,20.488850441383352,,
lgbm,0.07,9,1500.0,0.1,2.0,20.48885044142816,,
lgbm,0.07,9,1500.0,0.05,2.0,20.48885044146563,,
lgbm,0.07,9,1500.0,0.2,2.0,20.488850441626255,,
lgbm,0.07,7,800.0,0.2,0.5,20.48957319531043,,
lgbm,0.07,7,800.0,0.05,0.5,20.48957319532879,,
lgbm,0.07,7,800.0,0.15,0.5,20.489573195350236,,
lgbm,0.07,7,800.0,0.1,0.5,20.489573195413005,,
lgbm,0.05,6,1200.0,0.2,2.0,20.49067827046403,,
lgbm,0.05,6,1200.0,0.05,2.0,20.490678270495824,,
lgbm,0.05,6,1200.0,0.15,2.0,20.49067827050701,,
lgbm,0.05,6,1200.0,0.1,2.0,20.490678270551502,,
lgbm,0.03,7,1200.0,0.05,1.0,20.490715983211906,,
lgbm,0.03,7,1200.0,0.2,1.0,20.490715983213356,,
lgbm,0.03,7,1200.0,0.1,1.0,20.490715983235336,,
lgbm,0.03,7,1200.0,0.15,1.0,20.490715983236143,,
lgbm,0.07,8,1200.0,0.15,0.5,20.49144002630361,,
lgbm,0.07,8,1200.0,0.2,0.5,20.491440026392997,,
lgbm,0.07,8,1200.0,0.1,0.5,20.49144002654151,,
lgbm,0.07,8,1200.0,0.05,0.5,20.49144002656786,,
lgbm,0.03,7,1500.0,0.2,2.0,20.49237635366607,,
lgbm,0.03,7,1500.0,0.1,2.0,20.492376353668405,,
lgbm,0.03,7,1500.0,0.05,2.0,20.492376353670732,,
lgbm,0.03,7,1500.0,0.15,2.0,20.49237635367714,,
lgbm,0.06,8,800.0,0.1,1.0,20.492853252321062,,
lgbm,0.06,8,800.0,0.2,1.0,20.492853252323766,,
lgbm,0.06,8,800.0,0.05,1.0,20.492853252331088,,
lgbm,0.06,8,800.0,0.15,1.0,20.492853252389757,,
lgbm,0.07,7,800.0,0.05,2.0,20.494282919005315,,
lgbm,0.07,7,800.0,0.1,2.0,20.494282919051134,,
lgbm,0.07,7,800.0,0.15,2.0,20.494282919052054,,
lgbm,0.07,7,800.0,0.2,2.0,20.49428291910966,,
lgbm,0.03,9,800.0,0.05,2.0,20.494471697092454,,
lgbm,0.03,9,800.0,0.1,2.0,20.494471697094532,,
lgbm,0.03,9,800.0,0.2,2.0,20.494471697105798,,
lgbm,0.03,9,800.0,0.15,2.0,20.494471697106544,,
lgbm,0.07,6,1200.0,0.2,0.5,20.499315015765465,,
lgbm,0.07,6,1200.0,0.15,0.5,20.499315015771277,,
lgbm,0.07,6,1200.0,0.1,0.5,20.499315015783047,,
lgbm,0.07,6,1200.0,0.05,0.5,20.499315015889916,,
lgbm,0.04,6,1200.0,0.15,2.0,20.49974753970702,,
lgbm,0.04,6,1200.0,0.2,2.0,20.499747539728183,,
lgbm,0.04,6,1200.0,0.05,2.0,20.49974753975292,,
lgbm,0.04,6,1200.0,0.1,2.0,20.499747539789666,,
lgbm,0.04,8,800.0,0.1,1.0,20.499829351350666,,
lgbm,0.04,8,800.0,0.05,1.0,20.499829351365648,,
lgbm,0.04,8,800.0,0.15,1.0,20.499829351443253,,
lgbm,0.04,8,800.0,0.2,1.0,20.499829351456082,,
lgbm,0.07,8,800.0,0.15,0.5,20.500310272097266,,
lgbm,0.07,8,800.0,0.1,0.5,20.500310272168548,,
lgbm,0.07,8,800.0,0.2,0.5,20.50031027220615,,
lgbm,0.07,8,800.0,0.05,0.5,20.500310272283517,,
lgbm,0.04,6,1200.0,0.05,1.0,20.501251498616057,,
lgbm,0.04,6,1200.0,0.1,1.0,20.50125149868533,,
lgbm,0.04,6,1200.0,0.15,1.0,20.50125149868973,,
lgbm,0.04,6,1200.0,0.2,1.0,20.501251498731186,,
lgbm,0.03,7,1500.0,0.1,0.5,20.501915173614087,,
lgbm,0.03,7,1500.0,0.05,0.5,20.501915173620457,,
lgbm,0.03,7,1500.0,0.15,0.5,20.50191517367092,,
lgbm,0.03,7,1500.0,0.2,0.5,20.501915173688285,,
lgbm,0.03,7,1200.0,0.1,2.0,20.50242878281002,,
lgbm,0.03,7,1200.0,0.15,2.0,20.502428782813322,,
lgbm,0.03,7,1200.0,0.05,2.0,20.502428782817354,,
lgbm,0.03,7,1200.0,0.2,2.0,20.50242878282776,,
lgbm,0.07,7,1000.0,0.1,0.5,20.503023120582874,,
lgbm,0.07,7,1000.0,0.15,0.5,20.50302312061535,,
lgbm,0.07,7,1000.0,0.05,0.5,20.503023120650624,,
lgbm,0.07,7,1000.0,0.2,0.5,20.503023120700057,,
lgbm,0.07,8,1500.0,0.15,0.5,20.505403864216074,,
lgbm,0.07,8,1500.0,0.2,0.5,20.505403864287725,,
lgbm,0.07,8,1500.0,0.1,0.5,20.505403864321394,,
lgbm,0.07,8,1500.0,0.05,0.5,20.505403864388825,,
lgbm,0.07,6,800.0,0.2,0.5,20.506546818360473,,
lgbm,0.07,6,800.0,0.15,0.5,20.506546818372236,,
lgbm,0.07,6,800.0,0.05,0.5,20.506546818377263,,
lgbm,0.07,6,800.0,0.1,0.5,20.506546818409948,,
lgbm,0.05,6,1500.0,0.2,2.0,20.510408802010396,,
lgbm,0.05,6,1500.0,0.05,2.0,20.510408802030682,,
lgbm,0.05,6,1500.0,0.15,2.0,20.51040880206511,,
lgbm,0.05,6,1500.0,0.1,2.0,20.510408802115265,,
lgbm,0.04,7,800.0,0.15,1.0,20.51379692866845,,
lgbm,0.04,7,800.0,0.1,1.0,20.513796928671415,,
lgbm,0.04,7,800.0,0.05,1.0,20.51379692872469,,
lgbm,0.04,7,800.0,0.2,1.0,20.513796928731182,,
lgbm,0.03,7,1200.0,0.1,0.5,20.51788478732372,,
lgbm,0.03,7,1200.0,0.05,0.5,20.517884787331703,,
lgbm,0.03,7,1200.0,0.15,0.5,20.517884787366235,,
lgbm,0.03,7,1200.0,0.2,0.5,20.517884787397257,,
lgbm,0.03,6,1000.0,0.2,2.0,20.52130209045277,,
lgbm,0.03,6,1000.0,0.05,2.0,20.52130209046034,,
lgbm,0.03,6,1000.0,0.1,2.0,20.521302090464015,,
lgbm,0.03,6,1000.0,0.15,2.0,20.521302090464804,,
lgbm,0.03,10,800.0,0.1,2.0,20.523478916484073,,
lgbm,0.03,10,800.0,0.2,2.0,20.523478916492586,,
lgbm,0.03,10,800.0,0.15,2.0,20.523478916499155,,
lgbm,0.03,10,800.0,0.05,2.0,20.523478916499734,,
lgbm,0.03,8,800.0,0.1,0.5,20.525055542138308,,
lgbm,0.03,8,800.0,0.15,0.5,20.52505554214268,,
lgbm,0.03,8,800.0,0.05,0.5,20.5250555421458,,
lgbm,0.03,8,800.0,0.2,0.5,20.52505554215056,,
lgbm,0.04,10,800.0,0.05,1.0,20.526921552759816,,
lgbm,0.04,10,800.0,0.1,1.0,20.526921552774176,,
lgbm,0.04,10,800.0,0.2,1.0,20.526921552800903,,
lgbm,0.04,10,800.0,0.15,1.0,20.526921552851388,,
lgbm,0.04,9,800.0,0.2,0.5,20.533604686109264,,
lgbm,0.04,9,800.0,0.05,0.5,20.53360468611748,,
lgbm,0.04,9,800.0,0.15,0.5,20.53360468613639,,
lgbm,0.04,9,800.0,0.1,0.5,20.533604686139455,,
lgbm,0.03,9,800.0,0.15,0.5,20.534136949853984,,
lgbm,0.03,9,800.0,0.2,0.5,20.53413694985629,,
lgbm,0.03,9,800.0,0.1,0.5,20.534136949873893,,
lgbm,0.03,9,800.0,0.05,0.5,20.534136949890836,,
catboost,0.03,6,,,,20.536554083827387,,1500.0
lgbm,0.03,6,1200.0,0.05,1.0,20.536947913579443,,
lgbm,0.03,6,1200.0,0.15,1.0,20.53694791359561,,
lgbm,0.03,6,1200.0,0.2,1.0,20.536947913602095,,
lgbm,0.03,6,1200.0,0.1,1.0,20.53694791361794,,
lgbm,0.04,6,1500.0,0.05,1.0,20.53700943783321,,
lgbm,0.04,6,1500.0,0.1,1.0,20.537009437870168,,
lgbm,0.04,6,1500.0,0.15,1.0,20.537009437871937,,
lgbm,0.04,6,1500.0,0.2,1.0,20.53700943789714,,
lgbm,0.06,8,800.0,0.05,2.0,20.53755948674552,,
lgbm,0.06,8,800.0,0.15,2.0,20.537559486810615,,
lgbm,0.06,8,800.0,0.2,2.0,20.537559486819465,,
lgbm,0.06,8,800.0,0.1,2.0,20.53755948683075,,
lgbm,0.05,6,1000.0,0.15,2.0,20.539370160174624,,
lgbm,0.05,6,1000.0,0.05,2.0,20.539370160177363,,
lgbm,0.05,6,1000.0,0.2,2.0,20.539370160209668,,
lgbm,0.05,6,1000.0,0.1,2.0,20.539370160218155,,
lgbm,0.06,8,1000.0,0.15,2.0,20.54126916744602,,
lgbm,0.06,8,1000.0,0.1,2.0,20.541269167486803,,
lgbm,0.06,8,1000.0,0.2,2.0,20.541269167493518,,
lgbm,0.06,8,1000.0,0.05,2.0,20.541269167497912,,
lgbm,0.03,8,800.0,0.05,2.0,20.542830171957515,,
lgbm,0.03,8,800.0,0.2,2.0,20.542830171961306,,
lgbm,0.03,8,800.0,0.15,2.0,20.54283017196744,,
lgbm,0.03,8,800.0,0.1,2.0,20.542830171969275,,
lgbm,0.06,6,1200.0,0.2,0.5,20.54327954094021,,
lgbm,0.06,6,1200.0,0.1,0.5,20.543279540967767,,
lgbm,0.06,6,1200.0,0.05,0.5,20.543279540978222,,
lgbm,0.06,6,1200.0,0.15,0.5,20.543279541024372,,
lgbm,0.04,6,1000.0,0.15,2.0,20.54331079754364,,
lgbm,0.04,6,1000.0,0.2,2.0,20.54331079757429,,
lgbm,0.04,6,1000.0,0.05,2.0,20.543310797574406,,
lgbm,0.04,6,1000.0,0.1,2.0,20.543310797592348,,
lgbm,0.07,6,1500.0,0.15,0.5,20.543351699193472,,
lgbm,0.07,6,1500.0,0.1,0.5,20.54335169920801,,
lgbm,0.07,6,1500.0,0.2,0.5,20.54335169929794,,
lgbm,0.07,6,1500.0,0.05,0.5,20.54335169946638,,
lgbm,0.03,10,1000.0,0.05,1.0,20.54372087014074,,
lgbm,0.03,10,1000.0,0.1,1.0,20.543720870148377,,
lgbm,0.03,10,1000.0,0.15,1.0,20.54372087018514,,
lgbm,0.03,10,1000.0,0.2,1.0,20.54372087020484,,
catboost,0.05,6,,,,20.544960651659924,,1200.0
lgbm,0.06,6,1000.0,0.05,0.5,20.55037924257512,,
lgbm,0.06,6,1000.0,0.15,0.5,20.550379242616966,,
lgbm,0.06,6,1000.0,0.2,0.5,20.55037924262572,,
lgbm,0.06,6,1000.0,0.1,0.5,20.550379242637863,,
lgbm,0.06,6,800.0,0.05,0.5,20.551205677385244,,
lgbm,0.06,6,800.0,0.2,0.5,20.551205677532444,,
lgbm,0.06,6,800.0,0.1,0.5,20.551205677541308,,
lgbm,0.06,6,800.0,0.15,0.5,20.55120567754854,,
lgbm,0.04,6,1000.0,0.2,0.5,20.55457637558083,,
lgbm,0.04,6,1000.0,0.05,0.5,20.554576375589516,,
lgbm,0.04,6,1000.0,0.15,0.5,20.554576375626798,,
lgbm,0.04,6,1000.0,0.1,0.5,20.554576375647386,,
lgbm,0.05,6,800.0,0.2,1.0,20.55556953712559,,
lgbm,0.05,6,800.0,0.1,1.0,20.555569537167344,,
lgbm,0.05,6,800.0,0.05,1.0,20.555569537195662,,
lgbm,0.05,6,800.0,0.15,1.0,20.55556953725673,,
catboost,0.03,7,,,,20.557226765651286,,1000.0
lgbm,0.03,7,1000.0,0.05,2.0,20.557500631077716,,
lgbm,0.03,7,1000.0,0.15,2.0,20.557500631092562,,
lgbm,0.03,7,1000.0,0.1,2.0,20.557500631095138,,
lgbm,0.03,7,1000.0,0.2,2.0,20.557500631103625,,
lgbm,0.03,7,1000.0,0.1,0.5,20.559718580770202,,
lgbm,0.03,7,1000.0,0.05,0.5,20.559718580800528,,
lgbm,0.03,7,1000.0,0.15,0.5,20.559718580829234,,
lgbm,0.03,7,1000.0,0.2,0.5,20.5597185808559,,
lgbm,0.06,6,1500.0,0.2,0.5,20.565955508117177,,
lgbm,0.06,6,1500.0,0.05,0.5,20.565955508148615,,
lgbm,0.06,6,1500.0,0.15,0.5,20.565955508174465,,
lgbm,0.06,6,1500.0,0.1,0.5,20.565955508181595,,
catboost,0.07,6,,,,20.56990929554259,,1200.0
catboost,0.07,6,,,,20.56990929554259,,1800.0
catboost,0.07,6,,,,20.56990929554259,,1500.0
lgbm,0.06,8,1000.0,0.05,1.0,20.571188247988474,,
lgbm,0.06,8,1000.0,0.1,1.0,20.571188248064388,,
lgbm,0.06,8,1000.0,0.2,1.0,20.57118824809007,,
lgbm,0.06,8,1000.0,0.15,1.0,20.571188248192453,,
lgbm,0.04,6,800.0,0.2,0.5,20.57149188771195,,
lgbm,0.04,6,800.0,0.05,0.5,20.571491887747957,,
lgbm,0.04,6,800.0,0.15,0.5,20.571491887769866,,
lgbm,0.04,6,800.0,0.1,0.5,20.571491887796107,,
lgbm,0.03,7,1000.0,0.2,1.0,20.57225017762803,,
lgbm,0.03,7,1000.0,0.05,1.0,20.5722501776359,,
lgbm,0.03,7,1000.0,0.15,1.0,20.57225017764007,,
lgbm,0.03,7,1000.0,0.1,1.0,20.572250177668494,,
lgbm,0.06,8,1200.0,0.05,1.0,20.572491810868677,,
lgbm,0.06,8,1200.0,0.2,1.0,20.57249181098025,,
lgbm,0.06,8,1200.0,0.1,1.0,20.57249181102502,,
lgbm,0.06,8,1200.0,0.15,1.0,20.572491811159043,,
lgbm,0.03,6,1000.0,0.2,1.0,20.5727262519357,,
lgbm,0.03,6,1000.0,0.05,1.0,20.572726251948044,,
lgbm,0.03,6,1000.0,0.15,1.0,20.572726251951927,,
lgbm,0.03,6,1000.0,0.1,1.0,20.57272625198201,,
lgbm,0.07,9,1500.0,0.15,1.0,20.57357628304888,,
lgbm,0.07,9,1500.0,0.2,1.0,20.57357628316466,,
lgbm,0.07,9,1500.0,0.1,1.0,20.573576283164797,,
lgbm,0.07,9,1500.0,0.05,1.0,20.573576283174056,,
lgbm,0.06,6,1200.0,0.1,2.0,20.57887003564313,,
lgbm,0.06,6,1200.0,0.15,2.0,20.578870035663314,,
lgbm,0.06,6,1200.0,0.05,2.0,20.578870035692766,,
lgbm,0.06,6,1200.0,0.2,2.0,20.578870035733182,,
lgbm,0.06,8,1200.0,0.15,2.0,20.581204025780657,,
lgbm,0.06,8,1200.0,0.2,2.0,20.5812040257886,,
lgbm,0.06,8,1200.0,0.1,2.0,20.581204025837486,,
lgbm,0.06,8,1200.0,0.05,2.0,20.58120402586315,,
lgbm,0.04,6,1000.0,0.05,1.0,20.58427213089338,,
lgbm,0.04,6,1000.0,0.2,1.0,20.584272130932433,,
lgbm,0.04,6,1000.0,0.15,1.0,20.584272130938867,,
lgbm,0.04,6,1000.0,0.1,1.0,20.584272130948747,,
lgbm,0.03,10,800.0,0.2,0.5,20.58463101781711,,
lgbm,0.03,10,800.0,0.05,0.5,20.584631017820314,,
lgbm,0.03,10,800.0,0.1,0.5,20.584631017820996,,
lgbm,0.03,10,800.0,0.15,0.5,20.58463101782757,,
lgbm,0.06,8,1500.0,0.15,2.0,20.590241866508503,,
lgbm,0.06,8,1500.0,0.2,2.0,20.590241866513086,,
lgbm,0.06,8,1500.0,0.05,2.0,20.590241866535607,,
lgbm,0.06,8,1500.0,0.1,2.0,20.590241866565783,,
catboost,0.04,6,,,,20.592003107372435,,1000.0
lgbm,0.06,6,800.0,0.05,2.0,20.595720013243824,,
lgbm,0.06,6,800.0,0.15,2.0,20.595720013311436,,
lgbm,0.06,6,800.0,0.1,2.0,20.595720013317493,,
lgbm,0.06,6,800.0,0.2,2.0,20.595720013365533,,
lgbm,0.06,6,1500.0,0.1,2.0,20.59631580051239,,
lgbm,0.06,6,1500.0,0.15,2.0,20.596315800637214,,
lgbm,0.06,6,1500.0,0.05,2.0,20.59631580068401,,
lgbm,0.06,6,1500.0,0.2,2.0,20.59631580073316,,
lgbm,0.04,6,800.0,0.1,2.0,20.596388608778298,,
lgbm,0.04,6,800.0,0.15,2.0,20.596388608785638,,
lgbm,0.04,6,800.0,0.2,2.0,20.596388608790622,,
lgbm,0.04,6,800.0,0.05,2.0,20.59638860879325,,
lgbm,0.05,7,1500.0,0.05,1.0,20.599920660919327,,
lgbm,0.05,7,1500.0,0.15,1.0,20.599920660954304,,
lgbm,0.05,7,1500.0,0.2,1.0,20.599920660984637,,
lgbm,0.05,7,1500.0,0.1,1.0,20.599920661008834,,
lgbm,0.06,6,1000.0,0.2,2.0,20.60036896724927,,
lgbm,0.06,6,1000.0,0.15,2.0,20.600368967273365,,
lgbm,0.06,6,1000.0,0.1,2.0,20.600368967274083,,
lgbm,0.06,6,1000.0,0.05,2.0,20.600368967314374,,
lgbm,0.03,10,800.0,0.05,1.0,20.617965563499503,,
lgbm,0.03,10,800.0,0.1,1.0,20.617965563503883,,
lgbm,0.03,10,800.0,0.15,1.0,20.617965563517096,,
lgbm,0.03,10,800.0,0.2,1.0,20.617965563536316,,
lgbm,0.06,8,1500.0,0.05,1.0,20.62185461945375,,
lgbm,0.06,8,1500.0,0.2,1.0,20.621854619529365,,
lgbm,0.06,8,1500.0,0.1,1.0,20.621854619570534,,
lgbm,0.06,8,1500.0,0.15,1.0,20.621854619814496,,
lgbm,0.03,6,1500.0,0.2,0.5,20.628758580671455,,
lgbm,0.03,6,1500.0,0.15,0.5,20.628758580677925,,
lgbm,0.03,6,1500.0,0.1,0.5,20.62875858070865,,
lgbm,0.03,6,1500.0,0.05,0.5,20.628758580745437,,
lgbm,0.05,7,1200.0,0.1,1.0,20.628931440744747,,
lgbm,0.05,7,1200.0,0.15,1.0,20.628931440776466,,
lgbm,0.05,7,1200.0,0.05,1.0,20.62893144080161,,
lgbm,0.05,7,1200.0,0.2,1.0,20.628931440835427,,
lgbm,0.03,7,800.0,0.2,2.0,20.631605439547847,,
lgbm,0.03,7,800.0,0.05,2.0,20.631605439560232,,
lgbm,0.03,7,800.0,0.15,2.0,20.631605439564876,,
lgbm,0.03,7,800.0,0.1,2.0,20.63160543956951,,
lgbm,0.03,7,800.0,0.1,0.5,20.63271923883042,,
lgbm,0.03,7,800.0,0.05,0.5,20.632719238839393,,
lgbm,0.03,7,800.0,0.15,0.5,20.632719238860886,,
lgbm,0.03,7,800.0,0.2,0.5,20.632719238891546,,
lgbm,0.03,6,800.0,0.2,2.0,20.635864012195746,,
lgbm,0.03,6,800.0,0.15,2.0,20.635864012208184,,
lgbm,0.03,6,800.0,0.1,2.0,20.635864012211886,,
lgbm,0.03,6,800.0,0.05,2.0,20.635864012226943,,
lgbm,0.05,7,1000.0,0.1,1.0,20.637930319245157,,
lgbm,0.05,7,1000.0,0.15,1.0,20.637930319262367,,
lgbm,0.05,7,1000.0,0.05,1.0,20.63793031928633,,
lgbm,0.05,7,1000.0,0.2,1.0,20.637930319311657,,
catboost,0.05,6,,,,20.646712626035804,,1000.0
lgbm,0.04,6,800.0,0.05,1.0,20.65478229413806,,
lgbm,0.04,6,800.0,0.2,1.0,20.65478229414518,,
lgbm,0.04,6,800.0,0.15,1.0,20.654782294181015,,
lgbm,0.04,6,800.0,0.1,1.0,20.654782294191044,,
lgbm,0.05,7,800.0,0.15,1.0,20.654925651180093,,
lgbm,0.05,7,800.0,0.2,1.0,20.65492565118612,,
lgbm,0.05,7,800.0,0.1,1.0,20.654925651197036,,
lgbm,0.05,7,800.0,0.05,1.0,20.65492565121701,,
lgbm,0.06,6,1000.0,0.15,1.0,20.656691226132693,,
lgbm,0.06,6,1000.0,0.1,1.0,20.656691226167133,,
lgbm,0.06,6,1000.0,0.05,1.0,20.65669122617005,,
lgbm,0.06,6,1000.0,0.2,1.0,20.65669122624752,,
catboost,0.07,6,,,,20.663407012727813,,1000.0
lgbm,0.06,6,800.0,0.1,1.0,20.679169394012234,,
lgbm,0.06,6,800.0,0.05,1.0,20.67916939401671,,
lgbm,0.06,6,800.0,0.15,1.0,20.679169394019915,,
lgbm,0.06,6,800.0,0.2,1.0,20.679169394137787,,
lgbm,0.03,6,1200.0,0.15,0.5,20.68098916054295,,
lgbm,0.03,6,1200.0,0.2,0.5,20.680989160549007,,
lgbm,0.03,6,1200.0,0.05,0.5,20.680989160557615,,
lgbm,0.03,6,1200.0,0.1,0.5,20.680989160565144,,
lgbm,0.05,6,800.0,0.15,2.0,20.692453821964587,,
lgbm,0.05,6,800.0,0.1,2.0,20.692453821974468,,
lgbm,0.05,6,800.0,0.2,2.0,20.692453821981196,,
lgbm,0.05,6,800.0,0.05,2.0,20.69245382205851,,
lgbm,0.06,6,1200.0,0.15,1.0,20.69510348287416,,
lgbm,0.06,6,1200.0,0.1,1.0,20.69510348290503,,
lgbm,0.06,6,1200.0,0.2,1.0,20.695103482948216,,
lgbm,0.06,6,1200.0,0.05,1.0,20.69510348297854,,
lgbm,0.03,6,800.0,0.2,1.0,20.695364440302257,,
lgbm,0.03,6,800.0,0.05,1.0,20.695364440304985,,
lgbm,0.03,6,800.0,0.15,1.0,20.695364440316055,,
lgbm,0.03,6,800.0,0.1,1.0,20.695364440323942,,
lgbm,0.03,7,800.0,0.05,1.0,20.712377072068193,,
lgbm,0.03,7,800.0,0.15,1.0,20.7123770720983,,
lgbm,0.03,7,800.0,0.1,1.0,20.712377072102512,,
lgbm,0.03,7,800.0,0.2,1.0,20.712377072107387,,
lgbm,0.03,6,1000.0,0.2,0.5,20.720463588198225,,
lgbm,0.03,6,1000.0,0.05,0.5,20.72046358825871,,
lgbm,0.03,6,1000.0,0.15,0.5,20.720463588266167,,
lgbm,0.03,6,1000.0,0.1,0.5,20.720463588266224,,
lgbm,0.06,6,1500.0,0.2,1.0,20.72503934884976,,
lgbm,0.06,6,1500.0,0.1,1.0,20.725039348858424,,
lgbm,0.06,6,1500.0,0.15,1.0,20.725039348888075,,
lgbm,0.06,6,1500.0,0.05,1.0,20.72503934890674,,
catboost,0.03,6,,,,20.731747394600763,,1200.0
lgbm,0.03,6,800.0,0.2,0.5,20.75872440707504,,
lgbm,0.03,6,800.0,0.15,0.5,20.758724407088266,,
lgbm,0.03,6,800.0,0.05,0.5,20.758724407110098,,
lgbm,0.03,6,800.0,0.1,0.5,20.75872440711743,,
catboost,0.03,6,,,,20.906829954002454,,1000.0
